Aalst,Aalst
Aalst,Baardegem
Aalst,Erembodegem
Aalst,Gijzegem
Aalst,Herdersem
Aalst,Hofstade
Aalst,Meldert
Aalst,Moorsel
Aalst,Nieuwerkerken
Aalter,Aalter
Aalter,Bellem
Aalter,Lotenhulle
Aalter,Poeke
Aarlen,Arlon
Aarlen,Autelbas
Aarlen,Bonnert
Aarlen,Guirsch
Aarlen,Heinsch
Aarlen,Toernich
Aarschot,Aarschot
Aarschot,Gelrode
Aarschot,Langdorp
Aarschot,Rillaar
Aartselaar,Aartselaar
Aat,Arbre
Aat,Ath
Aat,Bouvignies
Aat,Ghislenghien
Aat,Gibecq
Aat,Houtaing
Aat,Irchonwelz
Aat,Isières
Aat,Lanquesaint
Aat,Ligne
Aat,Maffle
Aat,Mainvault
Aat,Meslin-l'Evêque
Aat,Moulbaix
Aat,Ormeignies
Aat,Ostiches
Aat,Rebaix
Aat,Villers-Notre-Dame
Aat,Villers-Saint-Amand
Affligem,Affligem
Affligem,Essene
Affligem,Hekelgem
Affligem,Teralfene
Aiseau-Presles,Aiseau
Aiseau-Presles,Aiseau-Presles
Aiseau-Presles,Pont-de-Loup
Aiseau-Presles,Presles
Aiseau-Presles,Roselies
Alken,Alken
Alost,Aalst
Alost,Baardegem
Alost,Erembodegem
Alost,Gijzegem
Alost,Herdersem
Alost,Hofstade
Alost,Meldert
Alost,Moorsel
Alost,Nieuwerkerken
Alveringem,Alveringem
Alveringem,Beveren-aan-den-Ijzer
Alveringem,Gijverinkhove
Alveringem,Hoogstade
Alveringem,Izenberge
Alveringem,Leisele
Alveringem,Oeren
Alveringem,Sint-Rijkers
Alveringem,Stavele
Amay,Amay
Amay,Ampsin
Amay,Flône
Amay,Jehay
Amay,Ombret
Amblève,Amblève
Amblève,Amel
Amblève,Heppenbach
Amblève,Meyerode
Amel,Amblève
Amel,Amel
Amel,Heppenbach
Amel,Meyerode
Andenne,Andenne
Andenne,Bonneville
Andenne,Coutisse
Andenne,Landenne
Andenne,Maizeret
Andenne,Namêche
Andenne,Sclayn
Andenne,Seilles
Andenne,Thon
Andenne,Vezin
Anderlecht,Anderlecht
Anderlecht,Brussel
Anderlecht,Bruxelles
Anderlues,Anderlues
Anhée,Anhée
Anhée,Annevoie-Rouillon
Anhée,Bioul
Anhée,Denée
Anhée,Haut-le-Wastia
Anhée,Sosoye
Anhée,Warnant
Ans,Alleur
Ans,Ans
Ans,Loncin
Ans,Xhendremael
Anthisnes,Anthisnes
Anthisnes,Hody
Anthisnes,Tavier
Anthisnes,Villers-aux-Tours
Antoing,Antoing
Antoing,Bruyelle
Antoing,Calonne
Antoing,Fontenoy
Antoing,Maubray
Antoing,Péronnes-lez-Antoing
Antwerpen,Antwerpen
Antwerpen,Berchem
Antwerpen,Berendrecht
Antwerpen,Borgerhout
Antwerpen,Deurne
Antwerpen,Ekeren
Antwerpen,Hoboken
Antwerpen,Lillo
Antwerpen,Merksem
Antwerpen,Wilrijk
Antwerpen,Zandvliet
Anvers,Antwerpen
Anvers,Berchem
Anvers,Berendrecht
Anvers,Borgerhout
Anvers,Deurne
Anvers,Ekeren
Anvers,Hoboken
Anvers,Lillo
Anvers,Merksem
Anvers,Wilrijk
Anvers,Zandvliet
Anzegem,Anzegem
Anzegem,Gijzelbrechtegem
Anzegem,Ingooigem
Anzegem,Kaster
Anzegem,Tiegem
Anzegem,Vichte
Anzegem,Wortegem-Petegem
Ardooie,Ardooie
Ardooie,Koolskamp
Arendonk,Arendonk
Arlon,Arlon
Arlon,Autelbas
Arlon,Bonnert
Arlon,Guirsch
Arlon,Heinsch
Arlon,Toernich
As,As
As,Niel-bij-As
Asse,Asse
Asse,Bekkerzeel
Asse,Kobbegem
Asse,Mollem
Asse,Relegem
Asse,Zellik
Assenede,Assenede
Assenede,Bassevelde
Assenede,Boekhoute
Assenede,Oosteeklo
Assesse,Assesse
Assesse,Courrière
Assesse,Crupet
Assesse,Florée
Assesse,Maillen
Assesse,Sart-Bernard
Assesse,Sorinne-la-Longue
Ath,Arbre
Ath,Ath
Ath,Bouvignies
Ath,Ghislenghien
Ath,Gibecq
Ath,Houtaing
Ath,Irchonwelz
Ath,Isières
Ath,Lanquesaint
Ath,Ligne
Ath,Maffle
Ath,Mainvault
Ath,Meslin-l'Evêque
Ath,Moulbaix
Ath,Ormeignies
Ath,Ostiches
Ath,Rebaix
Ath,Villers-Notre-Dame
Ath,Villers-Saint-Amand
Attert,Attert
Attert,Nobressart
Attert,Nothomb
Attert,Thiaumont
Attert,Tontelange
Aubange,Athus
Aubange,Aubange
Aubange,Halanzy
Aubange,Rachecourt
Aubel,Aubel
Audenarde,Bevere
Audenarde,Edelare
Audenarde,Eine
Audenarde,Ename
Audenarde,Heurne
Audenarde,Leupegem
Audenarde,Mater
Audenarde,Melden
Audenarde,Mullem
Audenarde,Nederename
Audenarde,Oudenaarde
Audenarde,Volkegem
Audenarde,Welden
Auderghem,Auderghem
Auderghem,Brussel
Auderghem,Bruxelles
Auderghem,Oudergem
Avelgem,Avelgem
Avelgem,Bossuit
Avelgem,Kerkhove
Avelgem,Outrijve
Avelgem,Waarmaarde
Awans,Awans
Awans,Fooz
Awans,Hognoul
Awans,Othée
Awans,Villers-l'Evêque
Aywaille,Aywaille
Aywaille,Ernonheid
Aywaille,Harzé
Aywaille,Sougné-Remouchamps
Baarle-Hertog,Baarle-Hertog
Baelen,Baelen
Baelen,Membach
Baerle-Duc,Baarle-Hertog
Balen,Balen
Balen,Olmen
Bassenge,Bassenge
Bassenge,Boirs
Bassenge,Eben-Emael
Bassenge,Glons
Bassenge,Roclenge-sur-Geer
Bassenge,Wonck
Bastenaken,Bastogne
Bastenaken,Longvilly
Bastenaken,Noville
Bastenaken,Villers-la-Bonne-Eau
Bastenaken,Wardin
Bastogne,Bastogne
Bastogne,Longvilly
Bastogne,Noville
Bastogne,Villers-la-Bonne-Eau
Bastogne,Wardin
Beaumont,Barbençon
Beaumont,Beaumont
Beaumont,Leugnies
Beaumont,Leval-Chaudeville
Beaumont,Renlies
Beaumont,Solre-Saint-Géry
Beaumont,Strée
Beaumont,Thirimont
Beauraing,Baronville
Beauraing,Beauraing
Beauraing,Dion
Beauraing,Felenne
Beauraing,Feschaux
Beauraing,Focant
Beauraing,Froidfontaine
Beauraing,Honnay
Beauraing,Javingue
Beauraing,Martouzin-Neuville
Beauraing,Pondrôme
Beauraing,Vonêche
Beauraing,Wancennes
Beauraing,Wiesme
Beauraing,Winenne
Beauvechain,Beauvechain
Beauvechain,Hamme-Mille
Beauvechain,l'Ecluse
Beauvechain,Nodebais
Beauvechain,Tourinnes-la-Grosse
Beernem,Beernem
Beernem,Oedelem
Beernem,Sint-Joris
Beerse,Beerse
Beerse,Vlimmeren
Beersel,Alsemberg
Beersel,Beersel
Beersel,Dworp
Beersel,Huizingen
Beersel,Lot
Begijnendijk,Begijnendijk
Begijnendijk,Betekom
Bekkevoort,Assent
Bekkevoort,Bekkevoort
Bekkevoort,Molenbeek-Wersbeek
Beloeil,Aubechies
Beloeil,Basècles
Beloeil,Beloeil
Beloeil,Ellignies-Sainte-Anne
Beloeil,Grandglise
Beloeil,Quevaucamps
Beloeil,Ramegnies
Beloeil,Stambruges
Beloeil,Thumaide
Beloeil,Wadelincourt
Berchem-Sainte-Agathe,Berchem-Sainte-Agathe
Berchem-Sainte-Agathe,Brussel
Berchem-Sainte-Agathe,Bruxelles
Berchem-Sainte-Agathe,Sint-Agatha-Berchem
Bergen,Ciply
Bergen,Cuesmes
Bergen,Flénu
Bergen,Ghlin
Bergen,Harmignies
Bergen,Harveng
Bergen,Havré
Bergen,Hyon
Bergen,Jemappes
Bergen,Maisières
Bergen,Mesvin
Bergen,Mons
Bergen,Nimy
Bergen,Nouvelles
Bergen,Obourg
Bergen,Saint-Denis
Bergen,Saint-Symphorien
Bergen,Spiennes
Bergen,Villers-Saint-Ghislain
Beringen,Beringen
Beringen,Beverlo
Beringen,Koersel
Beringen,Paal
Berlaar,Berlaar
Berlaar,Gestel
Berlare,Berlare
Berlare,Overmere
Berlare,Uitbergen
Berloz,Berloz
Berloz,Corswarem
Berloz,Rosoux-Crenwick
Bernissart,Bernissart
Bernissart,Blaton
Bernissart,Harchies
Bernissart,Pommeroeul
Bernissart,Ville-Pommeroeul
Bertem,Bertem
Bertem,Korbeek-Dijle
Bertem,Leefdaal
Bertogne,Bertogne
Bertogne,Flamierge
Bertogne,Longchamps
Bertrix,Auby-sur-Semois
Bertrix,Bertrix
Bertrix,Cugnon
Bertrix,Jehonville
Bertrix,Orgeo
Bevekom,Beauvechain
Bevekom,Hamme-Mille
Bevekom,l'Ecluse
Bevekom,Nodebais
Bevekom,Tourinnes-la-Grosse
Bever,Bever
Bever,Bievene
Beveren,Beveren-Waas
Beveren,Doel
Beveren,Haasdonk
Beveren,Kallo
Beveren,Kieldrecht
Beveren,Melsele
Beveren,Verrebroek
Beveren,Vrasene
Beyne-Heusay,Bellaire
Beyne-Heusay,Beyne-Heusay
Beyne-Heusay,Queue-du-Bois
Bierbeek,Bierbeek
Bierbeek,Korbeek-Lo
Bierbeek,Lovenjoel
Bierbeek,Opvelp
Biévène,Bever
Biévène,Bievene
Bièvre,Baillamont
Bièvre,Bellefontaine
Bièvre,Bievre
Bièvre,Cornimont
Bièvre,Graide
Bièvre,Gros-Fays
Bièvre,Monceau-en-Ardenne
Bièvre,Naomé
Bièvre,Oizy
Bièvre,Petit-Fays
Bilzen,Beverst
Bilzen,Bilzen
Bilzen,Eigenbilzen
Bilzen,Grote-Spouwen
Bilzen,Hees
Bilzen,Hoelbeek
Bilzen,Kleine-Spouwen
Bilzen,Martenslinde
Bilzen,Mopertingen
Bilzen,Munsterbilzen
Bilzen,Rijkhoven
Bilzen,Rosmeer
Bilzen,Spouwen
Bilzen,Waltwilder
Binche,Battignies
Binche,Binche
Binche,Bray
Binche,Buvrinnes
Binche,Epinois
Binche,Leval-Trahegnies
Binche,Péronnes-lez-Binche
Binche,Ressaix
Binche,Waudrez
Bitsingen,Bassenge
Bitsingen,Boirs
Bitsingen,Eben-Emael
Bitsingen,Glons
Bitsingen,Roclenge-sur-Geer
Bitsingen,Wonck
Blankenberge,Blankenberge
Blankenberge,Uitkerke
Blégny,Barchon
Blégny,Blégny
Blégny,Cheratte
Blégny,Housse
Blégny,Mortier
Blégny,Saint-Remy
Blégny,Saive
Blégny,Trembleur
Bocholt,Bocholt
Bocholt,Kaulille
Bocholt,Reppel
Boechout,Boechout
Boechout,Vremde
Bonheiden,Bonheiden
Bonheiden,Rijmenam
Boom,Boom
Boortmeerbeek,Boortmeerbeek
Boortmeerbeek,Hever
Borgloon,Bommershoven
Borgloon,Borgloon
Borgloon,Broekom
Borgloon,Gors-Opleeuw
Borgloon,Gotem
Borgloon,Groot-Loon
Borgloon,Haren
Borgloon,Hendrieken
Borgloon,Hoepertingen
Borgloon,Jesseren
Borgloon,Kerniel
Borgloon,Kolmont
Borgloon,Kuttekoven
Borgloon,Rijkel
Borgloon,Voort
Borgworm,Bettincourt
Borgworm,Bleret
Borgworm,Bovenistier
Borgworm,Grand-Axhe
Borgworm,Lantremange
Borgworm,Oleye
Borgworm,Waremme
Bornem,Bornem
Bornem,Hingene
Bornem,Mariekerke
Bornem,Weert
Borsbeek,Borsbeek
Bouillon,Bellevaux
Bouillon,Bouillon
Bouillon,Corbion
Bouillon,Dohan
Bouillon,Les Hayons
Bouillon,Noirefontaine
Bouillon,Poupehan
Bouillon,Rochehaut
Bouillon,Sensenruth
Bouillon,Ucimont
Bouillon,Vivy
Bourg-Léopold,Heppen
Bourg-Léopold,Leopoldsburg
Boussu,Boussu
Boussu,Hornu
Boutersem,Boutersem
Boutersem,Kerkom
Boutersem,Neervelp
Boutersem,Roosbeek
Boutersem,Vertrijk
Boutersem,Willebringen
Braine-l'Alleud,Braine-l'Alleud
Braine-l'Alleud,Lillois-Witterzée
Braine-l'Alleud,Ophain-Bois-Seigneur-Isaac
Braine-le-Château,Braine-le-Château
Braine-le-Château,Wauthier-Braine
Braine-le-Comte,Braine-le-Comte
Braine-le-Comte,Hennuyères
Braine-le-Comte,Henripont
Braine-le-Comte,Petit-Roeulx-lez-Braine
Braine-le-Comte,Ronquières
Braine-le-Comte,Steenkerque
Braives,Avennes
Braives,Braives
Braives,Ciplet
Braives,Fallais
Braives,Fumal
Braives,Latinne
Braives,Tourinne
Braives,Ville-en-Hesbaye
Brakel,Brakel
Brakel,Elst
Brakel,Everbeek
Brakel,Michelbeke
Brakel,Nederbrakel
Brakel,Opbrakel
Brakel,Parike
Brakel,Zegelsem
Brasschaat,Brasschaat
Brecht,Brecht
Brecht,Sint-Job-in-'t-Goor
Brecht,Sint-Lenaarts
Bredene,Bredene
Bree,Beek
Bree,Bree
Bree,Gerdingen
Bree,Opitter
Bree,Tongerlo
Brugelette,Attre
Brugelette,Brugelette
Brugelette,Cambron-Casteau
Brugelette,Gages
Brugelette,Mévergnies-lez-Lens
Bruges,Assebroek
Bruges,Brugge
Bruges,Dudzele
Bruges,Koolkerke
Bruges,Lissewege
Bruges,Sint-Andries
Bruges,Sint-Kruis
Bruges,Sint-Michiels
Bruges,Zeebrugge
Brugge,Assebroek
Brugge,Brugge
Brugge,Dudzele
Brugge,Koolkerke
Brugge,Lissewege
Brugge,Sint-Andries
Brugge,Sint-Kruis
Brugge,Sint-Michiels
Brugge,Zeebrugge
Brügge,Assebroek
Brügge,Brugge
Brügge,Dudzele
Brügge,Koolkerke
Brügge,Lissewege
Brügge,Sint-Andries
Brügge,Sint-Kruis
Brügge,Sint-Michiels
Brügge,Zeebrugge
Brunehaut,Bléharies
Brunehaut,Brunehaut
Brunehaut,Guignies
Brunehaut,Hollain
Brunehaut,Howardries
Brunehaut,Jollain-Merlin
Brunehaut,Laplaigne
Brunehaut,Lesdain
Brunehaut,Rongy
Brunehaut,Wez-Velvain
Brussel,Anderlecht
Brussel,Brussel
Brussel,Bruxelles
Brussel,Elsene
Brussel,Etterbeek
Brussel,Haeren
Brussel,Haren
Brussel,Ixelles
Brussel,Laeken
Brussel,Laken
Brussel,Neder-Over-Heembeek
Brussel,Schaarbeek
Brussel,Schaerbeek
Bruxelles,Anderlecht
Bruxelles,Brussel
Bruxelles,Bruxelles
Bruxelles,Elsene
Bruxelles,Etterbeek
Bruxelles,Haeren
Bruxelles,Haren
Bruxelles,Ixelles
Bruxelles,Laeken
Bruxelles,Laken
Bruxelles,Neder-Over-Heembeek
Bruxelles,Schaarbeek
Bruxelles,Schaerbeek
Buggenhout,Buggenhout
Buggenhout,Opdorp
Bullange,Bullange
Bullange,Büllingen
Bullange,Manderfeld
Bullange,Rocherath
Büllingen,Bullange
Büllingen,Büllingen
Büllingen,Manderfeld
Büllingen,Rocherath
Burdinne,Burdinne
Burdinne,Hannêche
Burdinne,Lamontzée
Burdinne,Marneffe
Burdinne,Oteppe
Burg-Reuland,Burg-Reuland
Burg-Reuland,Reuland
Burg-Reuland,Thommen
Butgenbach,Butgenbach
Butgenbach,Bütgenbach
Butgenbach,Elsenborn
Bütgenbach,Butgenbach
Bütgenbach,Bütgenbach
Bütgenbach,Elsenborn
Celles,Celles
Celles,Escanaffles
Celles,Molenbaix
Celles,Popuelles
Celles,Pottes
Celles,Velaines
Cerfontaine,Cerfontaine
Cerfontaine,Daussois
Cerfontaine,Senzeille
Cerfontaine,Silenrieux
Cerfontaine,Soumoy
Cerfontaine,Villers-Deux-Eglises
Chapelle-lez-Herlaimont,Chapelle-lez-Herlaimont
Chapelle-lez-Herlaimont,Godarville
Chapelle-lez-Herlaimont,Piéton
Charleroi,Charleroi
Charleroi,Couillet
Charleroi,Dampremy
Charleroi,Gilly
Charleroi,Gosselies
Charleroi,Goutroux
Charleroi,Jumet
Charleroi,Lodelinsart
Charleroi,Marchienne-au-Pont
Charleroi,Marcinelle
Charleroi,Monceau-sur-Sambre
Charleroi,Montignies-sur-Sambre
Charleroi,Mont-sur-Marchienne
Charleroi,Ransart
Charleroi,Roux
Chastre,Chastre
Chastre,Chastre-Villeroux-Blanmont
Chastre,Cortil-Noirmont
Chastre,Gentinnes
Chastre,Saint-Géry
Châtelet,Bouffioulx
Châtelet,Châtelet
Châtelet,Châtelineau
Chaudfontaine,Beaufays
Chaudfontaine,Chaudfontaine
Chaudfontaine,Embourg
Chaudfontaine,Vaux-sous-Chèvremont
Chaumont-Gistoux,Bonlez
Chaumont-Gistoux,Chaumont-Gistoux
Chaumont-Gistoux,Corroy-le-Grand
Chaumont-Gistoux,Dion-Valmont
Chaumont-Gistoux,Longueville
Chièvres,Chièvres
Chièvres,Grosage
Chièvres,Huissignies
Chièvres,Ladeuze
Chièvres,Tongre-Notre-Dame
Chièvres,Tongre-Saint-Martin
Chimay,Baileux
Chimay,Bailièvre
Chimay,Bourlers
Chimay,Chimay
Chimay,Forges
Chimay,l'Escaillère
Chimay,Lompret
Chimay,Rièzes
Chimay,Robechies
Chimay,Saint-Remy
Chimay,Salles
Chimay,Vaulx-lez-Chimay
Chimay,Villers-la-Tour
Chimay,Virelles
Chiny,Chiny
Chiny,Izel
Chiny,Jamoigne
Chiny,Les Bulles
Chiny,Suxy
Chiny,Termes
Ciney,Achêne
Ciney,Braibant
Ciney,Chevetogne
Ciney,Ciney
Ciney,Conneux
Ciney,Haversin
Ciney,Leignon
Ciney,Pessoux
Ciney,Serinchamps
Ciney,Sovet
Clavier,Bois-et-Borsu
Clavier,Clavier
Clavier,Les Avins
Clavier,Modave
Clavier,Ocquier
Clavier,Pailhe
Clavier,Terwagne
Colfontaine,Colfontaine
Colfontaine,Paturages
Colfontaine,Warquignies
Colfontaine,Wasmes
Comblain-au-Pont,Comblain-au-Pont
Comblain-au-Pont,Poulseur
Comines-Warneton,Bas-Warneton
Comines-Warneton,Bizet
Comines-Warneton,Comines
Comines-Warneton,Comines-Warneton
Comines-Warneton,Houthem
Comines-Warneton,Komen
Comines-Warneton,Komen-Waasten
Comines-Warneton,Neerwaasten
Comines-Warneton,Ploegsteert
Comines-Warneton,Waasten
Comines-Warneton,Warneton
Courcelles,Courcelles
Courcelles,Gouy-lez-Piéton
Courcelles,Souvret
Courcelles,Trazegnies
Courtrai,Aalbeke
Courtrai,Bellegem
Courtrai,Bissegem
Courtrai,Heule
Courtrai,Kooigem
Courtrai,Kortrijk
Courtrai,Marke
Courtrai,Rollegem
Court-Saint-Etienne,Court-Saint-Etienne
Couvin,Aublain
Couvin,Boussu-en-Fagne
Couvin,Brûly
Couvin,Brûly-de-Pesche
Couvin,Couvin
Couvin,Cul-des-Sarts
Couvin,Dailly
Couvin,Frasnes
Couvin,Gonrieux
Couvin,Mariembourg
Couvin,Pesche
Couvin,Petigny
Couvin,Petite-Chapelle
Couvin,Presgaux
Crisnée,Crisnée
Crisnée,Fize-le-Marsal
Crisnée,Kemexhe
Crisnée,Odeur
Crisnée,Thys
Dalhem,Berneau
Dalhem,Bombaye
Dalhem,Dalhem
Dalhem,Feneur
Dalhem,Mortroux
Dalhem,Neufchâteau
Dalhem,Saint-André
Dalhem,Warsage
Damme,Damme
Damme,Hoeke
Damme,Lapscheure
Damme,Moerkerke
Damme,Oostkerke
Damme,Sijsele
Daverdisse,Daverdisse
Daverdisse,Gembes
Daverdisse,Haut-Fays
Daverdisse,Porcheresse
Deerlijk,Deerlijk
De Haan,De Haan
De Haan,Klemskerke
De Haan,Vlissegem
De Haan,Wenduine
Deinze,Astene
Deinze,Bachte-Maria-Leerne
Deinze,Deinze
Deinze,Gottem
Deinze,Grammene
Deinze,Meigem
Deinze,Petegem-aan-de-Leie
Deinze,Sint-Martens-Leerne
Deinze,Vinkt
Deinze,Wontergem
Deinze,Zeveren
Denderleeuw,Denderleeuw
Denderleeuw,Iddergem
Denderleeuw,Welle
Dendermonde,Appels
Dendermonde,Baasrode
Dendermonde,Dendermonde
Dendermonde,Grembergen
Dendermonde,Mespelare
Dendermonde,Oudegem
Dendermonde,Schoonaarde
Dendermonde,Sint-Gillis-bij-Dendermonde
Dentergem,Dentergem
Dentergem,Markegem
Dentergem,Oeselgem
Dentergem,Wakken
De Panne,Adinkerke
De Panne,De Panne
De Pinte,De Pinte
De Pinte,Zevergem
Dessel,Dessel
Destelbergen,Destelbergen
Destelbergen,Heusden
Diepenbeek,Diepenbeek
Diest,Deurne
Diest,Diest
Diest,Kaggevinne
Diest,Molenstede
Diest,Schaffen
Diest,Webbekom
Diksmuide,Beerst
Diksmuide,Diksmuide
Diksmuide,Driekapellen
Diksmuide,Esen
Diksmuide,Kaaskerke
Diksmuide,Keiem
Diksmuide,Lampernisse
Diksmuide,Leke
Diksmuide,Nieuwkapelle
Diksmuide,Oostkerke
Diksmuide,Oudekapelle
Diksmuide,Pervijze
Diksmuide,Sint-Jacobs-Kapelle
Diksmuide,Stuivekenskerke
Diksmuide,Vladslo
Diksmuide,Woumen
Dilbeek,Dilbeek
Dilbeek,Groot-Bijgaarden
Dilbeek,Itterbeek
Dilbeek,Schepdaal
Dilbeek,Sint-Martens-Bodegem
Dilbeek,Sint-Ulriks-Kapelle
Dilsen-Stokkem,Dilsen-Stokkem
Dilsen-Stokkem,Elen
Dilsen-Stokkem,Lanklaar
Dilsen-Stokkem,Rotem
Dilsen-Stokkem,Stokkem
Dinant,Anseremme
Dinant,Bouvignes-sur-Meuse
Dinant,Dinant
Dinant,Dréhance
Dinant,Falmagne
Dinant,Falmignoul
Dinant,Foy-Notre-Dame
Dinant,Furfooz
Dinant,Lisogne
Dinant,Sorinnes
Dinant,Thynes
Dison,Andrimont
Dison,Dison
Dixmude,Beerst
Dixmude,Diksmuide
Dixmude,Driekapellen
Dixmude,Esen
Dixmude,Kaaskerke
Dixmude,Keiem
Dixmude,Lampernisse
Dixmude,Leke
Dixmude,Nieuwkapelle
Dixmude,Oostkerke
Dixmude,Oudekapelle
Dixmude,Pervijze
Dixmude,Sint-Jacobs-Kapelle
Dixmude,Stuivekenskerke
Dixmude,Vladslo
Dixmude,Woumen
Doische,Doische
Doische,Gimnée
Doische,Gochenée
Doische,Matagne-la-Grande
Doische,Matagne-la-Petite
Doische,Niverlée
Doische,Romerée
Doische,Soulme
Doische,Vaucelles
Doische,Vodelée
Donceel,Donceel
Donceel,Haneffe
Donceel,Jeneffe
Donceel,Limont
Doornik,Barry
Doornik,Beclers
Doornik,Blandain
Doornik,Chercq
Doornik,Ere
Doornik,Esplechin
Doornik,Froidmont
Doornik,Froyennes
Doornik,Gaurain-Ramecroix
Doornik,Havinnes
Doornik,Hertain
Doornik,Kain
Doornik,Lamain
Doornik,Marquain
Doornik,Maulde
Doornik,Melles
Doornik,Mont-Saint-Aubert
Doornik,Mourcourt
Doornik,Orcq
Doornik,Quartes
Doornik,Ramegnies-Chin
Doornik,Rumillies
Doornik,Saint-Maur
Doornik,Templeuve
Doornik,Thimougies
Doornik,Tournai
Doornik,Vaulx
Doornik,Vezon
Doornik,Warchin
Doornik,Willemeau
Dour,Blaugies
Dour,Dour
Dour,Elouges
Dour,Wihéries
Drogenbos,Drogenbos
Duffel,Duffel
Durbuy,Barvaux-sur-Ourthe
Durbuy,Bende
Durbuy,Bomal-sur-Ourthe
Durbuy,Borlon
Durbuy,Durbuy
Durbuy,Grandhan
Durbuy,Heyd
Durbuy,Izier
Durbuy,Septon
Durbuy,Tohogne
Durbuy,Villers-Sainte-Gertrude
Durbuy,Wéris
Ecaussinnes,Ecaussinnes
Ecaussinnes,Ecaussinnes-d'Enghien
Ecaussinnes,Ecaussinnes-Lalaing
Ecaussinnes,Marche-lez-Ecaussinnes
Edegem,Edegem
Edingen,Edingen
Edingen,Enghien
Edingen,Lettelingen
Edingen,Marcq
Edingen,Mark
Edingen,Petit-Enghien
Eeklo,Eeklo
Eghezée,Aische-en-Refail
Eghezée,Bolinne
Eghezée,Boneffe
Eghezée,Branchon
Eghezée,Dhuy
Eghezée,Eghezée
Eghezée,Hanret
Eghezée,Leuze
Eghezée,Liernu
Eghezée,Longchamps
Eghezée,Mehaigne
Eghezée,Noville-sur-Méhaigne
Eghezée,Saint-Germain
Eghezée,Taviers
Eghezée,Upigny
Eghezée,Waret-la-Chaussée
Eigenbrakel,Braine-l'Alleud
Eigenbrakel,Lillois-Witterzée
Eigenbrakel,Ophain-Bois-Seigneur-Isaac
Ellezelles,Ellezelles
Ellezelles,Lahamaide
Ellezelles,Wodecq
Elsene,Brussel
Elsene,Bruxelles
Elsene,Elsene
Elsene,Ixelles
Elzele,Ellezelles
Elzele,Lahamaide
Elzele,Wodecq
Enghien,Edingen
Enghien,Enghien
Enghien,Lettelingen
Enghien,Marcq
Enghien,Mark
Enghien,Petit-Enghien
Engis,Clermont-sous-Huy
Engis,Engis
Engis,Hermalle-sous-Huy
Erezée,Amonines
Erezée,Erezée
Erezée,Mormont
Erezée,Soy
Erpe-Mere,Aaigem
Erpe-Mere,Bambrugge
Erpe-Mere,Burst
Erpe-Mere,Erondegem
Erpe-Mere,Erpe
Erpe-Mere,Erpe-Mere
Erpe-Mere,Mere
Erpe-Mere,Ottergem
Erpe-Mere,Vlekkem
Erquelinnes,Bersillies-l'Abbaye
Erquelinnes,Erquelinnes
Erquelinnes,Grand-Reng
Erquelinnes,Hantes-Wihéries
Erquelinnes,Montignies-Saint-Christophe
Erquelinnes,Solre-sur-Sambre
Esneux,Esneux
Esneux,Tilff
Espierres-Helchin,Espierres
Espierres-Helchin,Espierres-Helchin
Espierres-Helchin,Helchin
Espierres-Helchin,Helkijn
Espierres-Helchin,Spiere
Espierres-Helchin,Spiere-Helkijn
Essen,Essen
Estaimpuis,Bailleul
Estaimpuis,Estaimbourg
Estaimpuis,Estaimpuis
Estaimpuis,Evregnies
Estaimpuis,Leers-Nord
Estaimpuis,Néchin
Estaimpuis,Saint-Léger
Estinnes,Croix-lez-Rouveroy
Estinnes,Estinnes
Estinnes,Estinnes-au-Mont
Estinnes,Estinnes-au-Val
Estinnes,Fauroeulx
Estinnes,Haulchin
Estinnes,Peissant
Estinnes,Rouveroy
Estinnes,Vellereille-les-Brayeux
Estinnes,Vellereille-le-Sec
Etalle,Buzenol
Etalle,Chantemelle
Etalle,Etalle
Etalle,Sainte-Marie-sur-Semois
Etalle,Vance
Etalle,Villers-sur-Semois
Etterbeek,Brussel
Etterbeek,Bruxelles
Etterbeek,Etterbeek
Eupen,Eupen
Eupen,Kettenis
Eupen,Waimes
Evere,Brussel
Evere,Bruxelles
Evere,Evere
Evergem,Ertvelde
Evergem,Evergem
Evergem,Kluizen
Evergem,Sleidinge
Faimes,Aineffe
Faimes,Borlez
Faimes,Celles
Faimes,Faimes
Faimes,Les Waleffes
Faimes,Viemme
Farciennes,Farciennes
Farciennes,Pironchamps
Fauvillers,Fauvillers
Fauvillers,Hollange
Fauvillers,Tintange
Fernelmont,Bierwart
Fernelmont,Cortil-Wodon
Fernelmont,Fernelmont
Fernelmont,Forville
Fernelmont,Franc-Waret
Fernelmont,Hemptinne
Fernelmont,Hingeon
Fernelmont,Marchovelette
Fernelmont,Noville-les-Bois
Fernelmont,Pontillas
Fernelmont,Tillier
Ferrières,Ferrières
Ferrières,My
Ferrières,Vieuxville
Ferrières,Werbomont
Ferrières,Xhoris
Fexhe-le-Haut-Clocher,Fexhe-le-Haut-Clocher
Fexhe-le-Haut-Clocher,Freloux
Fexhe-le-Haut-Clocher,Noville
Fexhe-le-Haut-Clocher,Roloux
Fexhe-le-Haut-Clocher,Voroux-Goreux
Flémalle,Awirs
Flémalle,Chokier
Flémalle,Flémalle
Flémalle,Flémalle-Grande
Flémalle,Flémalle-Haute
Flémalle,Gleixhe
Flémalle,Ivoz-Ramet
Flémalle,Mons-lez-Liège
Fléron,Fléron
Fléron,Magnée
Fléron,Retinne
Fléron,Romsée
Fleurus,Brye
Fleurus,Fleurus
Fleurus,Heppignies
Fleurus,Lambusart
Fleurus,Saint-Amand
Fleurus,Wagnelée
Fleurus,Wanfercée-Baulet
Fleurus,Wangenies
Flobecq,Flobecq
Flobecq,Vloesberg
Floreffe,Floreffe
Floreffe,Floriffoux
Floreffe,Franière
Floreffe,Soye
Florennes,Corenne
Florennes,Flavion
Florennes,Florennes
Florennes,Hanzinelle
Florennes,Hanzinne
Florennes,Hemptinne-lez-Florennes
Florennes,Morialmé
Florennes,Morville
Florennes,Rosée
Florennes,Saint-Aubin
Florennes,Thy-le-Bauduin
Florenville,Chassepierre
Florenville,Florenville
Florenville,Fontenoille
Florenville,Lacuisine
Florenville,Muno
Florenville,Sainte-Cécile
Florenville,Villers-Devant-Orval
Fontaine-l'Evêque,Fontaine-l'Evêque
Fontaine-l'Evêque,Forchies-la-Marche
Fontaine-l'Evêque,Leernes
Forest,Brussel
Forest,Bruxelles
Forest,Forest
Forest,Vorst
Fosses-la-Ville,Aisemont
Fosses-la-Ville,Fosses-la-Ville
Fosses-la-Ville,Le Roux
Fosses-la-Ville,Sart-Eustache
Fosses-la-Ville,Sart-Saint-Laurent
Fosses-la-Ville,Vitrival
Fourons,Fouron-le-Comte
Fourons,Fourons
Fourons,Fouron-Saint-Martin
Fourons,Fouron-Saint-Pierre
Fourons,Moelingen
Fourons,Mouland
Fourons,Remersdaal
Fourons,s Gravenvoeren
Fourons,Sint-Martens-Voeren
Fourons,Sint-Pieters-Voeren
Fourons,Teuven
Fourons,Voeren
Frameries,Eugies
Frameries,Frameries
Frameries,La Bouverie
Frameries,Noirchain
Frameries,Sars-la-Bruyère
Frasnes-lez-Anvaing,Anvaing
Frasnes-lez-Anvaing,Arc-Ainières
Frasnes-lez-Anvaing,Arc-Wattripont
Frasnes-lez-Anvaing,Buissenal
Frasnes-lez-Anvaing,Cordes
Frasnes-lez-Anvaing,Dergneau
Frasnes-lez-Anvaing,Ellignies-lez-Frasnes
Frasnes-lez-Anvaing,Forest
Frasnes-lez-Anvaing,Frasnes-lez-Anvaing
Frasnes-lez-Anvaing,Frasnes-lez-Buissenal
Frasnes-lez-Anvaing,Hacquegnies
Frasnes-lez-Anvaing,Herquegies
Frasnes-lez-Anvaing,Montroeul-au-Bois
Frasnes-lez-Anvaing,Moustier
Frasnes-lez-Anvaing,Oeudeghien
Frasnes-lez-Anvaing,Saint-Sauveur
Frasnes-lez-Anvaing,Wattripont
Froidchapelle,Boussu-lez-Walcourt
Froidchapelle,Erpion
Froidchapelle,Fourbechies
Froidchapelle,Froidchapelle
Froidchapelle,Vergnies
Furnes,Avekapelle
Furnes,Beauvoorde
Furnes,Booitshoeke
Furnes,Bulskamp
Furnes,De Moeren
Furnes,Eggewaartskapelle
Furnes,Houtem
Furnes,Steenkerke
Furnes,Veurne
Furnes,Vinkem
Furnes,Wulveringem
Furnes,Zoutenaaie
Galmaarden,Galmaarden
Galmaarden,Tollembeek
Galmaarden,Vollezele
Gammerages,Galmaarden
Gammerages,Tollembeek
Gammerages,Vollezele
Gand,Afsnee
Gand,Desteldonk
Gand,Drongen
Gand,Gent
Gand,Gentbrugge
Gand,Ledeberg
Gand,Mariakerke
Gand,Mendonk
Gand,Oostakker
Gand,Sint-Amandsberg
Gand,Sint-Denijs-Westrem
Gand,Sint-Kruis-Winkel
Gand,Wondelgem
Gand,Zwijnaarde
Ganshoren,Brussel
Ganshoren,Bruxelles
Ganshoren,Ganshoren
Gavere,Asper
Gavere,Baaigem
Gavere,Dikkelvenne
Gavere,Gavere
Gavere,Semmerzake
Gavere,Vurste
Gedinne,Beauraing
Gedinne,Bourseigne-Neuve
Gedinne,Bourseigne-Vieille
Gedinne,Gedinne
Gedinne,Houdremont
Gedinne,Louette-Saint-Denis
Gedinne,Louette-Saint-Pierre
Gedinne,Malvoisin
Gedinne,Patignies
Gedinne,Rienne
Gedinne,Sart-Custinne
Gedinne,Vencimont
Gedinne,Willerzie
Geel,Geel
Geer,Boëlhe
Geer,Darion
Geer,Geer
Geer,Hollogne-sur-Geer
Geer,Lens-Saint-Servais
Geer,Ligney
Geer,Omal
Geetbets,Geetbets
Geetbets,Grazen
Geetbets,Rummen
Geldenaken,Dongelberg
Geldenaken,Jauchelette
Geldenaken,Jodoigne
Geldenaken,Jodoigne-Souveraine
Geldenaken,Lathuy
Geldenaken,Mélin
Geldenaken,Piétrain
Geldenaken,Saint-Jean-Geest
Geldenaken,Saint-Remy-Geest
Geldenaken,Zétrud-Lumay
Gembloux,Beuzet
Gembloux,Bossière
Gembloux,Bothey
Gembloux,Corroy-le-Château
Gembloux,Ernage
Gembloux,Gembloux
Gembloux,Grand-Leez
Gembloux,Grand-Manil
Gembloux,Isnes
Gembloux,Lonzée
Gembloux,Mazy
Gembloux,Sauvenière
Genappe,Baisy-Thy
Genappe,Bousval
Genappe,Genappe
Genappe,Glabais
Genappe,Houtain-le-Val
Genappe,Loupoigne
Genappe,Vieux-Genappe
Genappe,Ways
Genepiën,Baisy-Thy
Genepiën,Bousval
Genepiën,Genappe
Genepiën,Glabais
Genepiën,Houtain-le-Val
Genepiën,Loupoigne
Genepiën,Vieux-Genappe
Genepiën,Ways
Genk,Genk
Gent,Afsnee
Gent,Desteldonk
Gent,Drongen
Gent,Gent
Gent,Gentbrugge
Gent,Ledeberg
Gent,Mariakerke
Gent,Mendonk
Gent,Oostakker
Gent,Sint-Amandsberg
Gent,Sint-Denijs-Westrem
Gent,Sint-Kruis-Winkel
Gent,Wondelgem
Gent,Zwijnaarde
Geraardsbergen,Geraardsbergen
Geraardsbergen,Goeferdinge
Geraardsbergen,Grimminge
Geraardsbergen,Idegem
Geraardsbergen,Moerbeke
Geraardsbergen,Nederboelare
Geraardsbergen,Nieuwenhove
Geraardsbergen,Onkerzele
Geraardsbergen,Ophasselt
Geraardsbergen,Overboelare
Geraardsbergen,Schendelbeke
Geraardsbergen,Smeerebbe-Vloerzegem
Geraardsbergen,Viane
Geraardsbergen,Waarbeke
Geraardsbergen,Zandbergen
Geraardsbergen,Zarlardinge
Gerpinnes,Acoz
Gerpinnes,Gerpinnes
Gerpinnes,Gougnies
Gerpinnes,Joncret
Gerpinnes,Loverval
Gerpinnes,Villers-Poterie
Gesves,Faulx-les-Tombes
Gesves,Gesves
Gesves,Haltinne
Gesves,Mozet
Gesves,Sorée
Gingelom,Boekhout
Gingelom,Borlo
Gingelom,Buvingen
Gingelom,Gingelom
Gingelom,Jeuk
Gingelom,Kortijs
Gingelom,Mielen-Boven-Aalst
Gingelom,Montenaken
Gingelom,Muizen
Gingelom,Niel-bij-Sint-Truiden
Gingelom,Vorsen
Gistel,Gistel
Gistel,Moere
Gistel,Snaaskerke
Gistel,Zevekote
Glabbeek,Attenrode
Glabbeek,Bunsbeek
Glabbeek,Glabbeek-Zuurbemde
Glabbeek,Kapellen
Gooik,Gooik
Gooik,Kester
Gooik,Leerbeek
Gooik,Oetingen
Gouvy,Beho
Gouvy,Bovigny
Gouvy,Cherain
Gouvy,Gouvy
Gouvy,Limerlé
Gouvy,Montleban
Grâce-Hollogne,Bierset
Grâce-Hollogne,Grâce-Berleur
Grâce-Hollogne,Grâce-Hollogne
Grâce-Hollogne,Hollogne-aux-Pierres
Grâce-Hollogne,Horion-Hozémont
Grâce-Hollogne,Velroux
Grammont,Geraardsbergen
Grammont,Goeferdinge
Grammont,Grimminge
Grammont,Idegem
Grammont,Moerbeke
Grammont,Nederboelare
Grammont,Nieuwenhove
Grammont,Onkerzele
Grammont,Ophasselt
Grammont,Overboelare
Grammont,Schendelbeke
Grammont,Smeerebbe-Vloerzegem
Grammont,Viane
Grammont,Waarbeke
Grammont,Zandbergen
Grammont,Zarlardinge
Graven,Archennes
Graven,Biez
Graven,Bossut-Gottechain
Graven,Grez-Doiceau
Graven,Nethen
Grez-Doiceau,Archennes
Grez-Doiceau,Biez
Grez-Doiceau,Bossut-Gottechain
Grez-Doiceau,Grez-Doiceau
Grez-Doiceau,Nethen
Grimbergen,Beigem
Grimbergen,Grimbergen
Grimbergen,Humbeek
Grimbergen,Strombeek-Bever
Grobbendonk,Bouwel
Grobbendonk,Grobbendonk
Haacht,Haacht
Haacht,Tildonk
Haacht,Wespelaar
Haaltert,Denderhoutem
Haaltert,Haaltert
Haaltert,Heldergem
Haaltert,Kerksken
Habay,Anlier
Habay,Habay
Habay,Habay-la-Neuve
Habay,Habay-la-Vieille
Habay,Hachy
Habay,Houdemont
Habay,Rulles
Hal,Buizingen
Hal,Halle
Hal,Lembeek
Halen,Halen
Halen,Loksbergen
Halen,Zelem
Halle,Buizingen
Halle,Halle
Halle,Lembeek
Ham,Ham
Ham,Kwaadmechelen
Ham,Oostham
Hamme,Hamme
Hamme,Moerzeke
Hamoir,Comblain-Fairon
Hamoir,Comblain-la-Tour
Hamoir,Filot
Hamoir,Hamoir
Hamois,Achet
Hamois,Emptinne
Hamois,Hamois
Hamois,Mohiville
Hamois,Natoye
Hamois,Schaltin
Hamois,Scy
Hamont-Achel,Achel
Hamont-Achel,Hamont
Hamont-Achel,Hamont-Achel
Ham-sur-Heure-Nalinnes,Cour-sur-Heure
Ham-sur-Heure-Nalinnes,Ham-sur-Heure
Ham-sur-Heure-Nalinnes,Ham-sur-Heure-Nalinnes
Ham-sur-Heure-Nalinnes,Jamioulx
Ham-sur-Heure-Nalinnes,Marbaix
Ham-sur-Heure-Nalinnes,Nalinnes
Hannuit,Abolens
Hannuit,Avernas-le-Bauduin
Hannuit,Avin
Hannuit,Bertrée
Hannuit,Blehen
Hannuit,Cras-Avernas
Hannuit,Crehen
Hannuit,Grand-Hallet
Hannuit,Hannut
Hannuit,Lens-Saint-Remy
Hannuit,Merdorp
Hannuit,Moxhe
Hannuit,Petit-Hallet
Hannuit,Poucet
Hannuit,Thisnes
Hannuit,Trognée
Hannuit,Villers-le-Peuplier
Hannuit,Wansin
Hannut,Abolens
Hannut,Avernas-le-Bauduin
Hannut,Avin
Hannut,Bertrée
Hannut,Blehen
Hannut,Cras-Avernas
Hannut,Crehen
Hannut,Grand-Hallet
Hannut,Hannut
Hannut,Lens-Saint-Remy
Hannut,Merdorp
Hannut,Moxhe
Hannut,Petit-Hallet
Hannut,Poucet
Hannut,Thisnes
Hannut,Trognée
Hannut,Villers-le-Peuplier
Hannut,Wansin
Harelbeke,Bavikhove
Harelbeke,Harelbeke
Harelbeke,Hulste
Hasselt,Hasselt
Hasselt,Kermt
Hasselt,Kuringen
Hasselt,Sint-Lambrechts-Herk
Hasselt,Spalbeek
Hasselt,Stevoort
Hasselt,Stokrooie
Hasselt,Wimmertingen
Hastière,Agimont
Hastière,Blaimont
Hastière,Hastière
Hastière,Hastière-Lavaux
Hastière,Hastière-par-Delà
Hastière,Heer
Hastière,Hermeton-sur-Meuse
Hastière,Waulsort
Havelange,Barvaux-Condroz
Havelange,Flostoy
Havelange,Havelange
Havelange,Jeneffe
Havelange,Maffe
Havelange,Méan
Havelange,Miécret
Havelange,Porcheresse
Havelange,Verlée
Hechtel-Eksel,Eksel
Hechtel-Eksel,Hechtel
Hechtel-Eksel,Hechtel-Eksel
Heers,Batsheers
Heers,Bovelingen
Heers,Gutschoven
Heers,Heers
Heers,Heks
Heers,Horpmaal
Heers,Klein-Gelmen
Heers,Mechelen-Bovelingen
Heers,Mettekoven
Heers,Opheers
Heers,Rukkelingen-Loon
Heers,Vechmaal
Heers,Veulen
Heist-op-den-Berg,Booischot
Heist-op-den-Berg,Hallaar
Heist-op-den-Berg,Heist-op-den-Berg
Heist-op-den-Berg,Itegem
Heist-op-den-Berg,Schriek
Heist-op-den-Berg,Wiekevorst
Hélécine,Hélécine
Hélécine,Linsmeau
Hélécine,Neerheylissem
Hélécine,Opheylissem
Hemiksem,Hemiksem
Hemiksem,Wilrijk
Hensies,Hainin
Hensies,Hensies
Hensies,Montroeul-sur-Haine
Hensies,Thulin
Herbeumont,Herbeumont
Herbeumont,Saint-Médard
Herbeumont,Straimont
Herck-la-Ville,Berbroek
Herck-la-Ville,Donk
Herck-la-Ville,Herk-de-Stad
Herck-la-Ville,Schulen
Herent,Herent
Herent,Veltem-Beisem
Herent,Winksele
Herentals,Herentals
Herentals,Morkhoven
Herentals,Noorderwijk
Herenthout,Herenthout
Herk-de-Stad,Berbroek
Herk-de-Stad,Donk
Herk-de-Stad,Herk-de-Stad
Herk-de-Stad,Schulen
Herne,Herfelingen
Herne,Herne
Herne,Sint-Pieters-Kapelle
Héron,Couthuin
Héron,Héron
Héron,Lavoir
Héron,Waret-l'Evêque
Herselt,Herselt
Herselt,Ramsel
Herstal,Herstal
Herstal,Liers
Herstal,Milmort
Herstal,Vottem
Herstappe,Herstappe
Herve,Battice
Herve,Bolland
Herve,Chaineux
Herve,Charneux
Herve,Grand-Rechain
Herve,Herve
Herve,Julémont
Herve,Xhendelesse
Herzele,Borsbeke
Herzele,Herzele
Herzele,Hillegem
Herzele,Ressegem
Herzele,Sint-Antelinks
Herzele,Sint-Lievens-Esse
Herzele,Steenhuize-Wijnhuize
Herzele,Woubrechtegem
Heusden-Zolder,Heusden
Heusden-Zolder,Heusden-Zolder
Heusden-Zolder,Zolder
Heuvelland,Dranouter
Heuvelland,Heuvelland
Heuvelland,Kemmel
Heuvelland,Loker
Heuvelland,Nieuwkerke
Heuvelland,Westouter
Heuvelland,Wijtschate
Heuvelland,Wulvergem
Hoegaarden,Hoegaarden
Hoegaarden,Meldert
Hoegaarden,Outgaarden
Hoei,Ben-Ahin
Hoei,Huy
Hoei,Tihange
Hoeilaart,Hoeilaart
Hoeselt,Hoeselt
Hoeselt,Romershoven
Hoeselt,Schalkhoven
Hoeselt,Sint-Huibrechts-Hern
Hoeselt,Werm
Holsbeek,Holsbeek
Holsbeek,Kortrijk-Dutsel
Holsbeek,Nieuwrode
Holsbeek,Sint-Pieters-Rode
Honnelles,Angre
Honnelles,Angreau
Honnelles,Athis
Honnelles,Autreppe
Honnelles,Erquennes
Honnelles,Fayt-le-Franc
Honnelles,Honnelles
Honnelles,Marchipont
Honnelles,Montignies-sur-Roc
Honnelles,Onnezies
Honnelles,Roisin
Hooglede,Gits
Hooglede,Hooglede
Hoogstraten,Hoogstraten
Hoogstraten,Meer
Hoogstraten,Meerle
Hoogstraten,Minderhout
Hoogstraten,Wortel
Horebeke,Horebeke
Horebeke,Sint-Kornelis-Horebeke
Horebeke,Sint-Maria-Horebeke
Hotton,Fronville
Hotton,Hampteau
Hotton,Hotton
Hotton,Marenne
Houffalize,Houffalize
Houffalize,Mabompré
Houffalize,Mont
Houffalize,Nadrin
Houffalize,Tailles
Houffalize,Tavigny
Houffalize,Wibrin
Houthalen-Helchteren,Helchteren
Houthalen-Helchteren,Houthalen
Houthalen-Helchteren,Houthalen-Helchteren
Houthulst,Houthulst
Houthulst,Klerken
Houthulst,Merkem
Houyet,Celles
Houyet,Ciergnon
Houyet,Custinne
Houyet,Finnevaux
Houyet,Hour
Houyet,Houyet
Houyet,Hulsonniaux
Houyet,Mesnil-Eglise
Houyet,Mesnil-Saint-Blaise
Houyet,Wanlin
Hove,Hove
Huldenberg,Huldenberg
Huldenberg,Loonbeek
Huldenberg,Neerijse
Huldenberg,Ottenburg
Huldenberg,Sint-Agatha-Rode
Hulshout,Houtvenne
Hulshout,Hulshout
Hulshout,Westmeerbeek
Huy,Ben-Ahin
Huy,Huy
Huy,Tihange
Ichtegem,Bekegem
Ichtegem,Eernegem
Ichtegem,Ichtegem
Ieper,Boezinge
Ieper,Brielen
Ieper,Dikkebus
Ieper,Elverdinge
Ieper,Hollebeke
Ieper,Ieper
Ieper,Sint-Jan
Ieper,Vlamertinge
Ieper,Voormezele
Ieper,Zillebeke
Ieper,Zuidschote
Incourt,Glimes
Incourt,Incourt
Incourt,Opprebais
Incourt,Piètrebais
Incourt,Roux-Miroir
Ingelmunster,Ingelmunster
Itter,Haut-Ittre
Itter,Ittre
Itter,Virginal-Samme
Ittre,Haut-Ittre
Ittre,Ittre
Ittre,Virginal-Samme
Ixelles,Brussel
Ixelles,Bruxelles
Ixelles,Elsene
Ixelles,Ixelles
Izegem,Emelgem
Izegem,Izegem
Izegem,Kachtem
Jabbeke,Jabbeke
Jabbeke,Snellegem
Jabbeke,Stalhille
Jabbeke,Varsenare
Jabbeke,Zerkegem
Jalhay,Jalhay
Jalhay,Sart-lez-Spa
Jemeppe-sur-Sambre,Balâtre
Jemeppe-sur-Sambre,Ham-sur-Sambre
Jemeppe-sur-Sambre,Jemeppe-sur-Sambre
Jemeppe-sur-Sambre,Mornimont
Jemeppe-sur-Sambre,Moustier-sur-Sambre
Jemeppe-sur-Sambre,Onoz
Jemeppe-sur-Sambre,Saint-Martin
Jemeppe-sur-Sambre,Spy
Jette,Brussel
Jette,Bruxelles
Jette,Jette
Jodoigne,Dongelberg
Jodoigne,Jauchelette
Jodoigne,Jodoigne
Jodoigne,Jodoigne-Souveraine
Jodoigne,Lathuy
Jodoigne,Mélin
Jodoigne,Piétrain
Jodoigne,Saint-Jean-Geest
Jodoigne,Saint-Remy-Geest
Jodoigne,Zétrud-Lumay
Juprelle,Fexhe-Slins
Juprelle,Juprelle
Juprelle,Lantin
Juprelle,Paifve
Juprelle,Slins
Juprelle,Villers-Saint-Siméon
Juprelle,Voroux-lez-Liers
Juprelle,Wihogne
Jurbeke,Erbaut
Jurbeke,Erbisoeul
Jurbeke,Herchies
Jurbeke,Jurbise
Jurbeke,Masnuy-Saint-Jean
Jurbeke,Masnuy-Saint-Pierre
Jurbise,Erbaut
Jurbise,Erbisoeul
Jurbise,Herchies
Jurbise,Jurbise
Jurbise,Masnuy-Saint-Jean
Jurbise,Masnuy-Saint-Pierre
Kalmthout,Kalmthout
Kampenhout,Berg
Kampenhout,Buken
Kampenhout,Kampenhout
Kampenhout,Nederokkerzeel
Kapellen,Kapellen
Kapelle-op-den-Bos,Kapelle-op-den-Bos
Kapelle-op-den-Bos,Nieuwenrode
Kapelle-op-den-Bos,Ramsdonk
Kaprijke,Kaprijke
Kaprijke,Lembeke
Kasteelbrakel,Braine-le-Château
Kasteelbrakel,Wauthier-Braine
Kasterlee,Kasterlee
Kasterlee,Lichtaart
Kasterlee,Tielen
Keerbergen,Keerbergen
Kelmis,Hergenrath
Kelmis,Kelmis
Kelmis,La Calamine
Kelmis,Neu-Moresnet
Kinrooi,Kessenich
Kinrooi,Kinrooi
Kinrooi,Molenbeersel
Kinrooi,Ophoven
Kluisbergen,Berchem
Kluisbergen,Kluisbergen
Kluisbergen,Kwaremont
Kluisbergen,Ruien
Kluisbergen,Zulzeke
Knesselare,Knesselare
Knesselare,Ursel
Knokke-Heist,Heist-aan-Zee
Knokke-Heist,Knokke
Knokke-Heist,Knokke-Heist
Knokke-Heist,Ramskapelle
Knokke-Heist,Westkapelle
Koekelare,Bovekerke
Koekelare,Koekelare
Koekelare,Zande
Koekelberg,Brussel
Koekelberg,Bruxelles
Koekelberg,Koekelberg
Koksijde,Koksijde
Koksijde,Oostduinkerke
Koksijde,Wulpen
Komen-Waasten,Bas-Warneton
Komen-Waasten,Bizet
Komen-Waasten,Comines
Komen-Waasten,Comines-Warneton
Komen-Waasten,Houthem
Komen-Waasten,Komen
Komen-Waasten,Komen-Waasten
Komen-Waasten,Neerwaasten
Komen-Waasten,Ploegsteert
Komen-Waasten,Waasten
Komen-Waasten,Warneton
Kontich,Kontich
Kontich,Waarloos
Kortemark,Handzame
Kortemark,Kortemark
Kortemark,Werken
Kortemark,Zarren
Kortenaken,Hoeleden
Kortenaken,Kersbeek-Miskom
Kortenaken,Kortenaken
Kortenaken,Ransberg
Kortenaken,Waanrode
Kortenberg,Erps-Kwerps
Kortenberg,Everberg
Kortenberg,Kortenberg
Kortenberg,Meerbeek
Kortessem,Guigoven
Kortessem,Kortessem
Kortessem,Vliermaal
Kortessem,Vliermaalroot
Kortessem,Wintershoven
Kortrijk,Aalbeke
Kortrijk,Bellegem
Kortrijk,Bissegem
Kortrijk,Heule
Kortrijk,Kooigem
Kortrijk,Kortrijk
Kortrijk,Marke
Kortrijk,Rollegem
Kraainem,Kraainem
Kruibeke,Bazel
Kruibeke,Kruibeke
Kruibeke,Rupelmonde
Kruishoutem,Kruishoutem
Kruishoutem,Nokere
Kruishoutem,Wannegem-Lede
Kuurne,Kuurne
Laakdal,Eindhout
Laakdal,Laakdal
Laakdal,Varendonk
Laakdal,Veerle
Laakdal,Vorst
Laarne,Kalken
Laarne,Laarne
La Bruyère,Bovesse
La Bruyère,Emines
La Bruyère,La Bruyère
La Bruyère,Meux
La Bruyère,Rhisnes
La Bruyère,Saint-Denis-Bovesse
La Bruyère,Villers-lez-Heest
La Bruyère,Warisoulx
La Calamine,Hergenrath
La Calamine,Kelmis
La Calamine,La Calamine
La Calamine,Neu-Moresnet
La Hulpe,La Hulpe
La Louvière,Boussoit
La Louvière,Haine-Saint-Paul
La Louvière,Haine-Saint-Pierre
La Louvière,Houdeng-Aimeries
La Louvière,Houdeng-Goegnies
La Louvière,La Louvière
La Louvière,Maurage
La Louvière,Saint-Vaast
La Louvière,Strépy-Bracquegnies
La Louvière,Trivières
Lanaken,Gellik
Lanaken,Lanaken
Lanaken,Neerharen
Lanaken,Rekem
Lanaken,Veldwezelt
Landen,Attenhoven
Landen,Eliksem
Landen,Ezemaal
Landen,Laar
Landen,Landen
Landen,Neerlanden
Landen,Neerwinden
Landen,Overwinden
Landen,Rumsdorp
Landen,Waasmont
Landen,Walsbets
Landen,Walshoutem
Landen,Wange
Landen,Wezeren
Langemark-Poelkapelle,Bikschote
Langemark-Poelkapelle,Langemark
Langemark-Poelkapelle,Langemark-Poelkapelle
Langemark-Poelkapelle,Poelkapelle
La Panne,Adinkerke
La Panne,De Panne
La Roche-en-Ardenne,Beausaint
La Roche-en-Ardenne,Halleux
La Roche-en-Ardenne,Hives
La Roche-en-Ardenne,La Roche-en-Ardenne
La Roche-en-Ardenne,Ortho
La Roche-en-Ardenne,Samrée
Lasne,Couture-Saint-Germain
Lasne,Lasne
Lasne,Lasne-Chapelle-Saint-Lambert
Lasne,Maransart
Lasne,Ohain
Lasne,Plancenoit
Lasne,Waterloo
Léau,Budingen
Léau,Dormaal
Léau,Halle-Booienhoven
Léau,Helen-Bos
Léau,Zoutleeuw
Lebbeke,Denderbelle
Lebbeke,Lebbeke
Lebbeke,Wieze
Lede,Impe
Lede,Lede
Lede,Oordegem
Lede,Smetlede
Lede,Wanzele
Ledegem,Ledegem
Ledegem,Rollegem-Kapelle
Ledegem,Sint-Eloois-Winkel
Léglise,Assenois
Léglise,Ebly
Léglise,Léglise
Léglise,Mellier
Léglise,Witry
Lendelede,Lendelede
Lennik,Gaasbeek
Lennik,Lennik
Lennik,Sint-Kwintens-Lennik
Lennik,Sint-Martens-Lennik
Lens,Bauffe
Lens,Cambron-Saint-Vincent
Lens,Lens
Lens,Lombise
Lens,Montignies-lez-Lens
Leopoldsburg,Heppen
Leopoldsburg,Leopoldsburg
Le Roeulx,Gottignies
Le Roeulx,Le Roeulx
Le Roeulx,Mignault
Le Roeulx,Thieu
Le Roeulx,Ville-sur-Haine
Les Bons Villers,Frasnes-lez-Gosselies
Les Bons Villers,Les Bons Villers
Les Bons Villers,Mellet
Les Bons Villers,Rèves
Les Bons Villers,Villers-Perwin
Les Bons Villers,Wayaux
Lessen,Bois-de-Lessines
Lessen,Deux-Acren
Lessen,Ghoy
Lessen,Lessines
Lessen,Ogy
Lessen,Ollignies
Lessen,Papignies
Lessen,Wannebecq
Lessines,Bois-de-Lessines
Lessines,Deux-Acren
Lessines,Ghoy
Lessines,Lessines
Lessines,Ogy
Lessines,Ollignies
Lessines,Papignies
Lessines,Wannebecq
Leuven,Heverlee
Leuven,Kessel-Lo
Leuven,Leuven
Leuven,Wijgmaal
Leuven,Wilsele
Leuze-en-Hainaut,Blicquy
Leuze-en-Hainaut,Chapelle-à-Oie
Leuze-en-Hainaut,Chapelle-à-Wattines
Leuze-en-Hainaut,Gallaix
Leuze-en-Hainaut,Grandmetz
Leuze-en-Hainaut,Leuze-en-Hainaut
Leuze-en-Hainaut,Pipaix
Leuze-en-Hainaut,Thieulain
Leuze-en-Hainaut,Tourpes
Leuze-en-Hainaut,Willaupuis
Libin,Anloy
Libin,Libin
Libin,Ochamps
Libin,Redu
Libin,Smuid
Libin,Transinne
Libin,Villance
Libramont-Chevigny,Bras
Libramont-Chevigny,Freux
Libramont-Chevigny,Libramont-Chevigny
Libramont-Chevigny,Moircy
Libramont-Chevigny,Recogne
Libramont-Chevigny,Remagne
Libramont-Chevigny,Sainte-Marie-Chevigny
Libramont-Chevigny,Saint-Pierre
Lichtervelde,Lichtervelde
Liedekerke,Liedekerke
Liège,Angleur
Liège,Bressoux
Liège,Chênée
Liège,Glain
Liège,Grivegnée
Liège,Jupille-sur-Meuse
Liège,Liège
Liège,Rocourt
Liège,Saint-Nicolas
Liège,Wandre
Lier,Koningshooikt
Lier,Lier
Lierde,Deftinge
Lierde,Hemelveerdegem
Lierde,Lierde
Lierde,Sint-Maria-Lierde
Lierde,Sint-Martens-Lierde
Lierneux,Arbrefontaine
Lierneux,Bra
Lierneux,Lierneux
Lierre,Koningshooikt
Lierre,Lier
Lijsem,Lincent
Lijsem,Pellaines
Lijsem,Racour
Lille,Gierle
Lille,Lille
Lille,Poederlee
Lille,Wechelderzande
Limbourg,Bilstain
Limbourg,Goé
Limbourg,Limbourg
Limburg,Bilstain
Limburg,Goé
Limburg,Limbourg
Lincent,Lincent
Lincent,Pellaines
Lincent,Racour
Linkebeek,Linkebeek
Lint,Lint
Linter,Drieslinter
Linter,Linter
Linter,Melkwezer
Linter,Neerhespen
Linter,Neerlinter
Linter,Orsmaal-Gussenhoven
Linter,Overhespen
Linter,Wommersom
Lobbes,Bienne-lez-Happart
Lobbes,Lobbes
Lobbes,Mont-Sainte-Geneviève
Lobbes,Sars-la-Buissière
Lochristi,Beervelde
Lochristi,Lochristi
Lochristi,Zaffelare
Lochristi,Zeveneken
Lokeren,Daknam
Lokeren,Eksaarde
Lokeren,Lokeren
Lommel,Lommel
Londerzeel,Londerzeel
Londerzeel,Malderen
Londerzeel,Steenhuffel
Lontzen,Lontzen
Lontzen,Walhorn
Looz,Bommershoven
Looz,Borgloon
Looz,Broekom
Looz,Gors-Opleeuw
Looz,Gotem
Looz,Groot-Loon
Looz,Haren
Looz,Hendrieken
Looz,Hoepertingen
Looz,Jesseren
Looz,Kerniel
Looz,Kolmont
Looz,Kuttekoven
Looz,Rijkel
Looz,Voort
Lo-Reninge,Lo
Lo-Reninge,Lo-Reninge
Lo-Reninge,Noordschote
Lo-Reninge,Pollinkhove
Lo-Reninge,Reninge
Louvain,Heverlee
Louvain,Kessel-Lo
Louvain,Leuven
Louvain,Wijgmaal
Louvain,Wilsele
Lovendegem,Lovendegem
Lovendegem,Vinderhoute
Löwen,Heverlee
Löwen,Kessel-Lo
Löwen,Leuven
Löwen,Wijgmaal
Löwen,Wilsele
Lubbeek,Binkom
Lubbeek,Linden
Lubbeek,Lubbeek
Lubbeek,Pellenberg
Luik,Angleur
Luik,Bressoux
Luik,Chênée
Luik,Glain
Luik,Grivegnée
Luik,Jupille-sur-Meuse
Luik,Liège
Luik,Rocourt
Luik,Saint-Nicolas
Luik,Wandre
Lummen,Linkhout
Lummen,Lummen
Lummen,Meldert
Lüttich,Angleur
Lüttich,Bressoux
Lüttich,Chênée
Lüttich,Glain
Lüttich,Grivegnée
Lüttich,Jupille-sur-Meuse
Lüttich,Liège
Lüttich,Rocourt
Lüttich,Saint-Nicolas
Lüttich,Wandre
Maarkedal,Etikhove
Maarkedal,Maarkedal
Maarkedal,Maarke-Kerkem
Maarkedal,Nukerke
Maarkedal,Schorisse
Maaseik,Maaseik
Maaseik,Neeroeteren
Maaseik,Opoeteren
Maasmechelen,Boorsem
Maasmechelen,Eisden
Maasmechelen,Leut
Maasmechelen,Maasmechelen
Maasmechelen,Mechelen-aan-de-Maas
Maasmechelen,Meeswijk
Maasmechelen,Opgrimbie
Maasmechelen,Uikhoven
Maasmechelen,Vucht
Machelen,Diegem
Machelen,Machelen
Maldegem,Adegem
Maldegem,Maldegem
Maldegem,Middelburg
Malines,Heffen
Malines,Hombeek
Malines,Leest
Malines,Mechelen
Malines,Muizen
Malines,Walem
Malle,Malle
Malle,Oostmalle
Malle,Westmalle
Malmedy,Bellevaux-Ligneuville
Malmedy,Bevercé
Malmedy,Malmedy
Manage,Bellecourt
Manage,Bois-d'Haine
Manage,Fayt-lez-Manage
Manage,La Hestre
Manage,Manage
Manhay,Dochamps
Manhay,Grandmenil
Manhay,Harre
Manhay,Malempré
Manhay,Manhay
Manhay,Odeigne
Manhay,Vaux-Chavanne
Marche-en-Famenne,Aye
Marche-en-Famenne,Hargimont
Marche-en-Famenne,Humain
Marche-en-Famenne,Marche-en-Famenne
Marche-en-Famenne,On
Marche-en-Famenne,Roy
Marche-en-Famenne,Waha
Marchin,Marchin
Marchin,Vyle-et-Tharoul
Martelange,Martelange
Mechelen,Heffen
Mechelen,Hombeek
Mechelen,Leest
Mechelen,Mechelen
Mechelen,Muizen
Mechelen,Walem
Meerhout,Meerhout
Meeuwen-Gruitrode,Ellikom
Meeuwen-Gruitrode,Gruitrode
Meeuwen-Gruitrode,Meeuwen
Meeuwen-Gruitrode,Meeuwen-Gruitrode
Meeuwen-Gruitrode,Neerglabbeek
Meeuwen-Gruitrode,Wijshagen
Meise,Meise
Meise,Wolvertem
Meix-devant-Virton,Gérouville
Meix-devant-Virton,Meix-Devant-Virton
Meix-devant-Virton,Robelmont
Meix-devant-Virton,Sommethonne
Meix-devant-Virton,Villers-la-Loue
Melle,Gontrode
Melle,Melle
Menen,Lauwe
Menen,Menen
Menen,Rekkem
Menin,Lauwe
Menin,Menen
Menin,Rekkem
Merbes-le-Château,Fontaine-Valmont
Merbes-le-Château,Labuissière
Merbes-le-Château,Merbes-le-Château
Merbes-le-Château,Merbes-Sainte-Marie
Merchtem,Brussegem
Merchtem,Hamme
Merchtem,Merchtem
Merelbeke,Bottelare
Merelbeke,Lemberge
Merelbeke,Melsen
Merelbeke,Merelbeke
Merelbeke,Munte
Merelbeke,Schelderode
Merksplas,Merksplas
Mesen,Mesen
Mesen,Messines
Messancy,Habergy
Messancy,Hondelange
Messancy,Messancy
Messancy,Sélange
Messancy,Wolkrange
Messines,Mesen
Messines,Messines
Mettet,Biesme
Mettet,Biesmerée
Mettet,Ermeton-sur-Biert
Mettet,Furnaux
Mettet,Graux
Mettet,Mettet
Mettet,Oret
Mettet,Saint-Gérard
Mettet,Stave
Meulebeke,Meulebeke
Middelkerke,Leffinge
Middelkerke,Lombardsijde
Middelkerke,Mannekensvere
Middelkerke,Middelkerke
Middelkerke,Schore
Middelkerke,Sint-Pieters-Kapelle
Middelkerke,Slijpe
Middelkerke,Spermalie
Middelkerke,Westende
Middelkerke,Wilskerke
Modave,Modave
Modave,Outrelouxhe
Modave,Strée-lez-Huy
Modave,Vierset-Barse
Moerbeke,Moerbeke-Waas
Moeskroen,Dottenijs
Moeskroen,Dottignies
Moeskroen,Herseaux
Moeskroen,Luingne
Moeskroen,Moeskroen
Moeskroen,Mouscron
Mol,Mol
Molenbeek-Saint-Jean,Brussel
Molenbeek-Saint-Jean,Bruxelles
Molenbeek-Saint-Jean,Molenbeek-Saint-Jean
Molenbeek-Saint-Jean,Sint-Jans-Molenbeek
Momignies,Beauwelz
Momignies,Forge-Philippe
Momignies,Macon
Momignies,Macquenoise
Momignies,Momignies
Momignies,Monceau-Imbrechies
Momignies,Seloignes
Mons,Ciply
Mons,Cuesmes
Mons,Flénu
Mons,Ghlin
Mons,Harmignies
Mons,Harveng
Mons,Havré
Mons,Hyon
Mons,Jemappes
Mons,Maisières
Mons,Mesvin
Mons,Mons
Mons,Nimy
Mons,Nouvelles
Mons,Obourg
Mons,Saint-Denis
Mons,Saint-Symphorien
Mons,Spiennes
Mons,Villers-Saint-Ghislain
Montaigu-Zichem,Averbode
Montaigu-Zichem,Messelbroek
Montaigu-Zichem,Scherpenheuvel
Montaigu-Zichem,Scherpenheuvel-Zichem
Montaigu-Zichem,Testelt
Montaigu-Zichem,Zichem
Mont-de-l'Enclus,Amougies
Mont-de-l'Enclus,Anseroeul
Mont-de-l'Enclus,Mont-de-l'Enclus
Mont-de-l'Enclus,Orroir
Mont-de-l'Enclus,Russeignies
Montigny-le-Tilleul,Landelies
Montigny-le-Tilleul,Montigny-le-Tilleul
Mont-Saint-Guibert,Corbais
Mont-Saint-Guibert,Hévillers
Mont-Saint-Guibert,Mont-Saint-Guibert
Moorslede,Dadizele
Moorslede,Moorslede
Morlanwelz,Carnières
Morlanwelz,Mont-Sainte-Aldegonde
Morlanwelz,Morlanwelz
Morlanwelz,Morlanwelz-Mariemont
Mortsel,Mortsel
Mouscron,Dottenijs
Mouscron,Dottignies
Mouscron,Herseaux
Mouscron,Luingne
Mouscron,Moeskroen
Mouscron,Mouscron
Musson,Musson
Musson,Mussy-la-Ville
Musson,Signeulx
Namen,Beez
Namen,Belgrade
Namen,Boninne
Namen,Bouge
Namen,Champion
Namen,Cognelée
Namen,Daussoulx
Namen,Dave
Namen,Erpent
Namen,Flawinne
Namen,Gelbressée
Namen,Jambes
Namen,Lives-sur-Meuse
Namen,Loyers
Namen,Malonne
Namen,Marche-les-Dames
Namen,Namur
Namen,Naninne
Namen,Saint-Marc
Namen,Saint-Servais
Namen,Suarlée
Namen,Temploux
Namen,Vedrin
Namen,Wépion
Namen,Wierde
Namur,Beez
Namur,Belgrade
Namur,Boninne
Namur,Bouge
Namur,Champion
Namur,Cognelée
Namur,Daussoulx
Namur,Dave
Namur,Erpent
Namur,Flawinne
Namur,Gelbressée
Namur,Jambes
Namur,Lives-sur-Meuse
Namur,Loyers
Namur,Malonne
Namur,Marche-les-Dames
Namur,Namur
Namur,Naninne
Namur,Saint-Marc
Namur,Saint-Servais
Namur,Suarlée
Namur,Temploux
Namur,Vedrin
Namur,Wépion
Namur,Wierde
Nandrin,Nandrin
Nandrin,Saint-Séverin
Nandrin,Villers-le-Temple
Nandrin,Yernée-Fraineux
Nassogne,Ambly
Nassogne,Bande
Nassogne,Forrières
Nassogne,Grune
Nassogne,Harsin
Nassogne,Lesterny
Nassogne,Masbourg
Nassogne,Nassogne
Nazareth,Eke
Nazareth,Nazareth
Neerpelt,Neerpelt
Neerpelt,Sint-Huibrechts-Lille
Neufchâteau,Grandvoir
Neufchâteau,Grapfontaine
Neufchâteau,Hamipré
Neufchâteau,Longlier
Neufchâteau,Neufchâteau
Neufchâteau,Tournay
Neupré,Ehein
Neupré,Neupré
Neupré,Neuville-en-Condroz
Neupré,Plainevaux
Neupré,Rotheux-Rimière
Nevele,Hansbeke
Nevele,Landegem
Nevele,Merendree
Nevele,Nevele
Nevele,Poesele
Nevele,Vosselare
Niel,Niel
Nieuport,Nieuwpoort
Nieuport,Ramskapelle
Nieuport,Sint-Joris
Nieuwerkerken,Binderveld
Nieuwerkerken,Kozen
Nieuwerkerken,Nieuwerkerken
Nieuwerkerken,Wijer
Nieuwpoort,Nieuwpoort
Nieuwpoort,Ramskapelle
Nieuwpoort,Sint-Joris
Nijlen,Bevel
Nijlen,Kessel
Nijlen,Nijlen
Nijvel,Baulers
Nijvel,Bornival
Nijvel,Monstreux
Nijvel,Nivelles
Nijvel,Petit-Roeulx-lez-Nivelles
Nijvel,Thines
Ninove,Appelterre-Eichem
Ninove,Aspelare
Ninove,Denderwindeke
Ninove,Lieferinge
Ninove,Meerbeke
Ninove,Nederhasselt
Ninove,Neigem
Ninove,Ninove
Ninove,Okegem
Ninove,Outer
Ninove,Pollare
Ninove,Voorde
Nivelles,Baulers
Nivelles,Bornival
Nivelles,Monstreux
Nivelles,Nivelles
Nivelles,Petit-Roeulx-lez-Nivelles
Nivelles,Thines
Oerle,Bergilers
Oerle,Grandville
Oerle,Lens-sur-Geer
Oerle,Oreye
Oerle,Otrange
Ohey,Evelette
Ohey,Gesves
Ohey,Goesnes
Ohey,Haillot
Ohey,Jallet
Ohey,Ohey
Ohey,Perwez-Haillot
Olen,Olen
Olne,Olne
Onhaye,Anthée
Onhaye,Falaën
Onhaye,Gerin
Onhaye,Onhaye
Onhaye,Serville
Onhaye,Sommière
Onhaye,Weillen
Oostende,Oostende
Oostende,Stene
Oostende,Zandvoorde
Oosterzele,Balegem
Oosterzele,Gijzenzele
Oosterzele,Landskouter
Oosterzele,Moortsele
Oosterzele,Oosterzele
Oosterzele,Scheldewindeke
Oostkamp,Hertsberge
Oostkamp,Oostkamp
Oostkamp,Ruddervoorde
Oostkamp,Waardamme
Oostrozebeke,Oostrozebeke
Opglabbeek,Meeuwen-Gruitrode
Opglabbeek,Opglabbeek
Opwijk,Mazenzele
Opwijk,Opwijk
Opzullik,Bassilly
Opzullik,Fouleng
Opzullik,Gondregnies
Opzullik,Graty
Opzullik,Hellebecq
Opzullik,Hoves
Opzullik,Silly
Opzullik,Thoricourt
Oreye,Bergilers
Oreye,Grandville
Oreye,Lens-sur-Geer
Oreye,Oreye
Oreye,Otrange
Orp-Jauche,Enines
Orp-Jauche,Folx-les-Caves
Orp-Jauche,Jandrain-Jandrenouille
Orp-Jauche,Jauche
Orp-Jauche,Marilles
Orp-Jauche,Noduwez
Orp-Jauche,Orp-Jauche
Orp-Jauche,Orp-le-Grand
Ostende,Oostende
Ostende,Stene
Ostende,Zandvoorde
Ottignies-Louvain-la-Neuve,Céroux-Mousty
Ottignies-Louvain-la-Neuve,Limelette
Ottignies-Louvain-la-Neuve,Louvain-la-Neuve
Ottignies-Louvain-la-Neuve,Mont-Saint-Guibert
Ottignies-Louvain-la-Neuve,Ottignies
Ottignies-Louvain-la-Neuve,Ottignies-Louvain-la-Neuve
Oudenaarde,Bevere
Oudenaarde,Edelare
Oudenaarde,Eine
Oudenaarde,Ename
Oudenaarde,Heurne
Oudenaarde,Leupegem
Oudenaarde,Mater
Oudenaarde,Melden
Oudenaarde,Mullem
Oudenaarde,Nederename
Oudenaarde,Oudenaarde
Oudenaarde,Volkegem
Oudenaarde,Welden
Oudenburg,Ettelgem
Oudenburg,Oudenburg
Oudenburg,Roksem
Oudenburg,Westkerke
Oudergem,Auderghem
Oudergem,Brussel
Oudergem,Bruxelles
Oudergem,Oudergem
Oud-Heverlee,Blanden
Oud-Heverlee,Haasrode
Oud-Heverlee,Oud-Heverlee
Oud-Heverlee,Sint-Joris-Weert
Oud-Heverlee,Vaalbeek
Oud-Turnhout,Oud-Turnhout
Ouffet,Ellemelle
Ouffet,Ouffet
Ouffet,Warzée
Oupeye,Haccourt
Oupeye,Hermalle-sous-Argenteau
Oupeye,Hermée
Oupeye,Heure-le-Romain
Oupeye,Houtain-Saint-Siméon
Oupeye,Oupeye
Oupeye,Vivegnis
Overijse,Overijse
Overpelt,Overpelt
Paliseul,Carlsbourg
Paliseul,Fays-les-Veneurs
Paliseul,Framont
Paliseul,Maissin
Paliseul,Nollevaux
Paliseul,Offagne
Paliseul,Opont
Paliseul,Paliseul
Pecq,Esquelmes
Pecq,Hérinnes-lez-Pecq
Pecq,Obigies
Pecq,Pecq
Pecq,Warcoing
Peer,Grote-Brogel
Peer,Kleine-Brogel
Peer,Peer
Peer,Wijchmaal
Pepingen,Beert
Pepingen,Bellingen
Pepingen,Bogaarden
Pepingen,Elingen
Pepingen,Heikruis
Pepingen,Pepingen
Pepinster,Cornesse
Pepinster,Pepinster
Pepinster,Soiron
Pepinster,Wegnez
Péruwelz,Baugnies
Péruwelz,Bon-Secours
Péruwelz,Braffe
Péruwelz,Brasmenil
Péruwelz,Bury
Péruwelz,Callenelle
Péruwelz,Péruwelz
Péruwelz,Roucourt
Péruwelz,Wasmes-Audemez-Briffoeil
Péruwelz,Wiers
Perwez,Malèves-Sainte-Marie-Wastines
Perwez,Orbais
Perwez,Perwez
Perwez,Thorembais-les-Béguines
Perwez,Thorembais-Saint-Trond
Perwijs,Malèves-Sainte-Marie-Wastines
Perwijs,Orbais
Perwijs,Perwez
Perwijs,Thorembais-les-Béguines
Perwijs,Thorembais-Saint-Trond
Philippeville,Fagnolle
Philippeville,Franchimont
Philippeville,Jamagne
Philippeville,Jamiolle
Philippeville,Merlemont
Philippeville,Neuville
Philippeville,Omezée
Philippeville,Philippeville
Philippeville,Roly
Philippeville,Romedenne
Philippeville,Samart
Philippeville,Sart-en-Fagne
Philippeville,Sautour
Philippeville,Surice
Philippeville,Villers-en-Fagne
Philippeville,Villers-le-Gambon
Philippeville,Vodecée
Pittem,Egem
Pittem,Pittem
Plombières,Gemmenich
Plombières,Hombourg
Plombières,Montzen
Plombières,Moresnet
Plombières,Plombières
Plombières,Sippenaeken
Pont-à-Celles,Buzet
Pont-à-Celles,Liberchies
Pont-à-Celles,Luttre
Pont-à-Celles,Obaix
Pont-à-Celles,Pont-à-Celles
Pont-à-Celles,Thiméon
Pont-à-Celles,Viesville
Poperinge,Krombeke
Poperinge,Poperinge
Poperinge,Proven
Poperinge,Reningelst
Poperinge,Roesbrugge-Haringe
Poperinge,Watou
Profondeville,Arbre
Profondeville,Bois-de-Villers
Profondeville,Lesve
Profondeville,Lustin
Profondeville,Profondeville
Profondeville,Rivière
Putte,Beerzel
Putte,Putte
Puurs,Breendonk
Puurs,Liezele
Puurs,Puurs
Puurs,Ruisbroek
Quaregnon,Quaregnon
Quaregnon,Wasmuel
Quévy,Asquillies
Quévy,Aulnois
Quévy,Blaregnies
Quévy,Bougnies
Quévy,Genly
Quévy,Givry
Quévy,Goegnies-Chaussée
Quévy,Havay
Quévy,Quévy
Quévy,Quévy-le-Grand
Quévy,Quévy-le-Petit
Quiévrain,Audregnies
Quiévrain,Baisieux
Quiévrain,Quiévrain
Raeren,Eynatten
Raeren,Hauset
Raeren,Raeren
Ramillies,Autre-Eglise
Ramillies,Bomal
Ramillies,Geest-Gérompont-Petit-Rosière
Ramillies,Gérompont
Ramillies,Grand-Rosière-Hottomont
Ramillies,Huppaye
Ramillies,Mont-Saint-André
Ramillies,Ramillies
Ranst,Broechem
Ranst,Emblem
Ranst,Oelegem
Ranst,Ranst
Ravels,Poppel
Ravels,Ravels
Ravels,Weelde
Rebecq,Bierghes
Rebecq,Quenast
Rebecq,Rebecq
Rebecq,Rebecq-Rognon
Remicourt,Hodeige
Remicourt,Lamine
Remicourt,Momalle
Remicourt,Pousset
Remicourt,Remicourt
Renaix,Renaix
Renaix,Ronse
Rendeux,Beffe
Rendeux,Hodister
Rendeux,Marcourt
Rendeux,Rendeux
Retie,Retie
Rhode-Saint-Genèse,Rhode-Saint-Genese
Rhode-Saint-Genèse,Sint-Genesius-Rode
Riemst,Genoelselderen
Riemst,Herderen
Riemst,Kanne
Riemst,Membruggen
Riemst,Millen
Riemst,Riemst
Riemst,Val-Meer
Riemst,Vlijtingen
Riemst,Vroenhoven
Riemst,Zichen-Zussen-Bolder
Rijkevorsel,Rijkevorsel
Rixensart,Genval
Rixensart,Rixensart
Rixensart,Rosières
Rochefort,Ave-et-Auffe
Rochefort,Buissonville
Rochefort,Eprave
Rochefort,Han-sur-Lesse
Rochefort,Jemelle
Rochefort,Lavaux-Sainte-Anne
Rochefort,Lessive
Rochefort,Mont-Gauthier
Rochefort,Rochefort
Rochefort,Villers-sur-Lesse
Rochefort,Wavreille
Roeselare,Beveren
Roeselare,Oekene
Roeselare,Roeselare
Roeselare,Rumbeke
Ronse,Renaix
Ronse,Ronse
Roosdaal,Borchtlombeek
Roosdaal,Onze-Lieve-Vrouw-Lombeek
Roosdaal,Pamel
Roosdaal,Roosdaal
Roosdaal,Strijtem
Rotselaar,Rotselaar
Rotselaar,Werchter
Rotselaar,Wezemaal
Roulers,Beveren
Roulers,Oekene
Roulers,Roeselare
Roulers,Rumbeke
Rouvroy,Dampicourt
Rouvroy,Harnoncourt
Rouvroy,Lamorteau
Rouvroy,Rouvroy
Rouvroy,Torgny
Ruiselede,Ruiselede
Rumes,La Glanerie
Rumes,Rumes
Rumes,Taintignies
Rumst,Reet
Rumst,Rumst
Rumst,Terhagen
Sainte-Ode,Amberloup
Sainte-Ode,Lavacherie
Sainte-Ode,Sainte-Ode
Sainte-Ode,Tillet
Saint-Georges-sur-Meuse,Saint-Georges-sur-Meuse
Saint-Ghislain,Baudour
Saint-Ghislain,Hautrage
Saint-Ghislain,Neufmaison
Saint-Ghislain,Saint-Ghislain
Saint-Ghislain,Sirault
Saint-Ghislain,Tertre
Saint-Ghislain,Villerot
Saint-Gilles,Brussel
Saint-Gilles,Bruxelles
Saint-Gilles,Saint-Gilles
Saint-Gilles,Sint-Gillis
Saint-Hubert,Arville
Saint-Hubert,Awenne
Saint-Hubert,Bras
Saint-Hubert,Hatrival
Saint-Hubert,Mirwart
Saint-Hubert,Saint-Hubert
Saint-Hubert,Vesqueville
Saint-Josse-ten-Noode,Brussel
Saint-Josse-ten-Noode,Bruxelles
Saint-Josse-ten-Noode,Saint-Josse-ten-Noode
Saint-Josse-ten-Noode,Sint-Joost-ten-Node
Saint-Léger,Châtillon
Saint-Léger,Meix-le-Tige
Saint-Léger,Saint-Léger
Saint-Nicolas,Belsele
Saint-Nicolas,Montegnée
Saint-Nicolas,Nieuwkerken-Waas
Saint-Nicolas,Saint-Nicolas
Saint-Nicolas,Sinaai-Waas
Saint-Nicolas,Sint-Niklaas
Saint-Nicolas,Tilleur
Saint-Trond,Aalst
Saint-Trond,Brustem
Saint-Trond,Duras
Saint-Trond,Engelmanshoven
Saint-Trond,Gelinden
Saint-Trond,Gorsem
Saint-Trond,Groot-Gelmen
Saint-Trond,Halmaal
Saint-Trond,Kerkom-bij-Sint-Truiden
Saint-Trond,Ordingen
Saint-Trond,Runkelen
Saint-Trond,Sint-Truiden
Saint-Trond,Velm
Saint-Trond,Wilderen
Saint-Trond,Zepperen
Saint-Vith,Crombach
Saint-Vith,Lommersweiler
Saint-Vith,Recht
Saint-Vith,Saint-Vith
Saint-Vith,Sankt Vith
Saint-Vith,Schoenberg
Saint-Vith,Schönberg
Sambreville,Arsimont
Sambreville,Auvelais
Sambreville,Falisolle
Sambreville,Keumiée
Sambreville,Moignelée
Sambreville,Sambreville
Sambreville,Tamines
Sambreville,Velaine-sur-Sambre
Sankt Vith,Crombach
Sankt Vith,Lommersweiler
Sankt Vith,Recht
Sankt Vith,Saint-Vith
Sankt Vith,Sankt Vith
Sankt Vith,Schoenberg
Sankt Vith,Schönberg
Schaarbeek,Brussel
Schaarbeek,Bruxelles
Schaarbeek,Schaarbeek
Schaarbeek,Schaerbeek
Schaerbeek,Brussel
Schaerbeek,Bruxelles
Schaerbeek,Schaarbeek
Schaerbeek,Schaerbeek
Schelle,Schelle
Scherpenheuvel-Zichem,Averbode
Scherpenheuvel-Zichem,Messelbroek
Scherpenheuvel-Zichem,Scherpenheuvel
Scherpenheuvel-Zichem,Scherpenheuvel-Zichem
Scherpenheuvel-Zichem,Testelt
Scherpenheuvel-Zichem,Zichem
Schilde,Schilde
Schilde,s Gravenwezel
Schoten,Schoten
Seneffe,Arquennes
Seneffe,Ecaussinnes
Seneffe,Familleureux
Seneffe,Feluy
Seneffe,Petit-Roeulx-lez-Nivelles
Seneffe,Seneffe
Seraing,Boncelles
Seraing,Jemeppe-sur-Meuse
Seraing,Ougrée
Seraing,Seraing
's Gravenbrakel,Braine-le-Comte
's Gravenbrakel,Hennuyères
's Gravenbrakel,Henripont
's Gravenbrakel,Petit-Roeulx-lez-Braine
's Gravenbrakel,Ronquières
's Gravenbrakel,Steenkerque
Silly,Bassilly
Silly,Fouleng
Silly,Gondregnies
Silly,Graty
Silly,Hellebecq
Silly,Hoves
Silly,Silly
Silly,Thoricourt
Sint-Agatha-Berchem,Berchem-Sainte-Agathe
Sint-Agatha-Berchem,Brussel
Sint-Agatha-Berchem,Bruxelles
Sint-Agatha-Berchem,Sint-Agatha-Berchem
Sint-Amands,Lippelo
Sint-Amands,Oppuurs
Sint-Amands,Sint-Amands
Sint-Genesius-Rode,Rhode-Saint-Genese
Sint-Genesius-Rode,Sint-Genesius-Rode
Sint-Gillis,Brussel
Sint-Gillis,Bruxelles
Sint-Gillis,Saint-Gilles
Sint-Gillis,Sint-Gillis
Sint-Gillis-Waas,De Klinge
Sint-Gillis-Waas,Meerdonk
Sint-Gillis-Waas,Sint-Gillis-Waas
Sint-Gillis-Waas,Sint-Pauwels
Sint-Jans-Molenbeek,Brussel
Sint-Jans-Molenbeek,Bruxelles
Sint-Jans-Molenbeek,Molenbeek-Saint-Jean
Sint-Jans-Molenbeek,Sint-Jans-Molenbeek
Sint-Joost-ten-Node,Brussel
Sint-Joost-ten-Node,Bruxelles
Sint-Joost-ten-Node,Saint-Josse-ten-Noode
Sint-Joost-ten-Node,Sint-Joost-ten-Node
Sint-Katelijne-Waver,Onze-Lieve-Vrouw-Waver
Sint-Katelijne-Waver,Sint-Katelijne-Waver
Sint-Lambrechts-Woluwe,Brussel
Sint-Lambrechts-Woluwe,Bruxelles
Sint-Lambrechts-Woluwe,Sint-Lambrechts-Woluwe
Sint-Lambrechts-Woluwe,Woluwe-Saint-Lambert
Sint-Laureins,Sint-Jan-in-Eremo
Sint-Laureins,Sint-Laureins
Sint-Laureins,Sint-Margriete
Sint-Laureins,Waterland-Oudeman
Sint-Laureins,Watervliet
Sint-Lievens-Houtem,Bavegem
Sint-Lievens-Houtem,Letterhoutem
Sint-Lievens-Houtem,Sint-Lievens-Houtem
Sint-Lievens-Houtem,Vlierzele
Sint-Lievens-Houtem,Zonnegem
Sint-Martens-Latem,Deurle
Sint-Martens-Latem,Sint-Martens-Latem
Sint-Niklaas,Belsele
Sint-Niklaas,Nieuwkerken-Waas
Sint-Niklaas,Sinaai-Waas
Sint-Niklaas,Sint-Niklaas
Sint-Pieters-Leeuw,Oudenaken
Sint-Pieters-Leeuw,Ruisbroek
Sint-Pieters-Leeuw,Sint-Laureins-Berchem
Sint-Pieters-Leeuw,Sint-Pieters-Leeuw
Sint-Pieters-Leeuw,Vlezenbeek
Sint-Pieters-Woluwe,Brussel
Sint-Pieters-Woluwe,Bruxelles
Sint-Pieters-Woluwe,Sint-Pieters-Woluwe
Sint-Pieters-Woluwe,Woluwe-Saint-Pierre
Sint-Truiden,Aalst
Sint-Truiden,Brustem
Sint-Truiden,Duras
Sint-Truiden,Engelmanshoven
Sint-Truiden,Gelinden
Sint-Truiden,Gorsem
Sint-Truiden,Groot-Gelmen
Sint-Truiden,Halmaal
Sint-Truiden,Kerkom-bij-Sint-Truiden
Sint-Truiden,Ordingen
Sint-Truiden,Runkelen
Sint-Truiden,Sint-Truiden
Sint-Truiden,Velm
Sint-Truiden,Wilderen
Sint-Truiden,Zepperen
Sivry-Rance,Grandrieu
Sivry-Rance,Montbliart
Sivry-Rance,Rance
Sivry-Rance,Sautin
Sivry-Rance,Sivry
Sivry-Rance,Sivry-Rance
Soignies,Casteau
Soignies,Chaussée-Notre-Dame-Louvignies
Soignies,Horrues
Soignies,Naast
Soignies,Neufvilles
Soignies,Soignies
Soignies,Thieusies
Sombreffe,Boignée
Sombreffe,Ligny
Sombreffe,Sombreffe
Sombreffe,Tongrinne
Somme-Leuze,Baillonville
Somme-Leuze,Bonsin
Somme-Leuze,Heure
Somme-Leuze,Hogne
Somme-Leuze,Nettinne
Somme-Leuze,Noiseux
Somme-Leuze,Sinsin
Somme-Leuze,Somme-Leuze
Somme-Leuze,Waillet
Soumagne,Ayeneux
Soumagne,Cérexhe-Heuseux
Soumagne,Evegnée
Soumagne,Melen
Soumagne,Micheroux
Soumagne,Soumagne
Soumagne,Tignée
Spa,Spa
Spa,Theux
Spiere-Helkijn,Espierres
Spiere-Helkijn,Espierres-Helchin
Spiere-Helkijn,Helchin
Spiere-Helkijn,Helkijn
Spiere-Helkijn,Spiere
Spiere-Helkijn,Spiere-Helkijn
Sprimont,Dolembreux
Sprimont,Gomzé-Andoumont
Sprimont,Louveigné
Sprimont,Rouvreux
Sprimont,Sprimont
Stabroek,Hoevenen
Stabroek,Stabroek
Staden,Oostnieuwkerke
Staden,Staden
Staden,Westrozebeke
Stavelot,Francorchamps
Stavelot,Stavelot
Steenokkerzeel,Melsbroek
Steenokkerzeel,Perk
Steenokkerzeel,Steenokkerzeel
Stekene,Kemzeke
Stekene,Stekene
Stoumont,Chevron
Stoumont,La Gleize
Stoumont,Lorcé
Stoumont,Rahier
Stoumont,Stoumont
Tamise,Elversele
Tamise,Steendorp
Tamise,Temse
Tamise,Tielrode
Tellin,Bure
Tellin,Grupont
Tellin,Resteigne
Tellin,Tellin
Temse,Elversele
Temse,Steendorp
Temse,Temse
Temse,Tielrode
Tenneville,Champlon
Tenneville,Erneuville
Tenneville,Tenneville
Terhulpen,La Hulpe
Termonde,Appels
Termonde,Baasrode
Termonde,Dendermonde
Termonde,Grembergen
Termonde,Mespelare
Termonde,Oudegem
Termonde,Schoonaarde
Termonde,Sint-Gillis-bij-Dendermonde
Ternat,Sint-Katherina-Lombeek
Ternat,Ternat
Ternat,Wambeek
Tervuren,Duisburg
Tervuren,Tervuren
Tervuren,Vossem
Tessenderlo,Tessenderlo
Theux,La Reid
Theux,Polleur
Theux,Theux
Thimister-Clermont,Clermont
Thimister-Clermont,Thimister
Thimister-Clermont,Thimister-Clermont
Thuin,Biercée
Thuin,Biesme-sous-Thuin
Thuin,Donstiennes
Thuin,Gozée
Thuin,Leers-et-Fosteau
Thuin,Ragnies
Thuin,Thuillies
Thuin,Thuin
Tielt,Aarsele
Tielt,Kanegem
Tielt,Schuiferskapelle
Tielt,Tielt
Tielt-Winge,Houwaart
Tielt-Winge,Meensel-Kiezegem
Tielt-Winge,Sint-Joris-Winge
Tielt-Winge,Tielt
Tielt-Winge,Tielt-Winge
Tienen,Bost
Tienen,Goetsenhoven
Tienen,Hakendover
Tienen,Kumtich
Tienen,Oorbeek
Tienen,Oplinter
Tienen,Sint-Margriete-Houtem
Tienen,Tienen
Tienen,Vissenaken
Tinlot,Abée
Tinlot,Fraiture
Tinlot,Ramelot
Tinlot,Seny
Tinlot,Soheit-Tinlot
Tinlot,Tinlot
Tintigny,Bellefontaine
Tintigny,Rossignol
Tintigny,Saint-Vincent
Tintigny,Tintigny
Tirlemont,Bost
Tirlemont,Goetsenhoven
Tirlemont,Hakendover
Tirlemont,Kumtich
Tirlemont,Oorbeek
Tirlemont,Oplinter
Tirlemont,Sint-Margriete-Houtem
Tirlemont,Tienen
Tirlemont,Vissenaken
Tongeren,Berg
Tongeren,Diets-Heur
Tongeren,Haren
Tongeren,Henis
Tongeren,Kolmont
Tongeren,Koninksem
Tongeren,Lauw
Tongeren,Mal
Tongeren,Neerrepen
Tongeren,Nerem
Tongeren,Overrepen
Tongeren,Piringen
Tongeren,Riksingen
Tongeren,Rutten
Tongeren,'s Herenelderen
Tongeren,Sluizen
Tongeren,Tongeren
Tongeren,Vreren
Tongeren,Widooie
Tongres,Berg
Tongres,Diets-Heur
Tongres,Haren
Tongres,Henis
Tongres,Kolmont
Tongres,Koninksem
Tongres,Lauw
Tongres,Mal
Tongres,Neerrepen
Tongres,Nerem
Tongres,Overrepen
Tongres,Piringen
Tongres,Riksingen
Tongres,Rutten
Tongres,'s Herenelderen
Tongres,Sluizen
Tongres,Tongeren
Tongres,Vreren
Tongres,Widooie
Torhout,Torhout
Tournai,Barry
Tournai,Beclers
Tournai,Blandain
Tournai,Chercq
Tournai,Ere
Tournai,Esplechin
Tournai,Froidmont
Tournai,Froyennes
Tournai,Gaurain-Ramecroix
Tournai,Havinnes
Tournai,Hertain
Tournai,Kain
Tournai,Lamain
Tournai,Marquain
Tournai,Maulde
Tournai,Melles
Tournai,Mont-Saint-Aubert
Tournai,Mourcourt
Tournai,Orcq
Tournai,Quartes
Tournai,Ramegnies-Chin
Tournai,Rumillies
Tournai,Saint-Maur
Tournai,Templeuve
Tournai,Thimougies
Tournai,Tournai
Tournai,Vaulx
Tournai,Vezon
Tournai,Warchin
Tournai,Willemeau
Tremelo,Baal
Tremelo,Tremelo
Trois-Ponts,Basse-Bodeux
Trois-Ponts,Fosse
Trois-Ponts,Trois-Ponts
Trois-Ponts,Wanne
Trooz,Forêt
Trooz,Fraipont
Trooz,Nessonvaux
Trooz,Trooz
Tubeke,Clabecq
Tubeke,Oisquercq
Tubeke,Saintes
Tubeke,Tubize
Tubize,Clabecq
Tubize,Oisquercq
Tubize,Saintes
Tubize,Tubize
Turnhout,Turnhout
Uccle,Brussel
Uccle,Bruxelles
Uccle,Uccle
Uccle,Ukkel
Ukkel,Brussel
Ukkel,Bruxelles
Ukkel,Uccle
Ukkel,Ukkel
Vaux-sur-Sûre,Hompré
Vaux-sur-Sûre,Juseret
Vaux-sur-Sûre,Morhet
Vaux-sur-Sûre,Nives
Vaux-sur-Sûre,Sibret
Vaux-sur-Sûre,Vaux-lez-Rosières
Vaux-sur-Sûre,Vaux-sur-Sure
Verlaine,Chapon-Seraing
Verlaine,Seraing-le-Château
Verlaine,Verlaine
Verviers,Ensival
Verviers,Heusy
Verviers,Lambermont
Verviers,Petit-Rechain
Verviers,Stembert
Verviers,Verviers
Veurne,Avekapelle
Veurne,Beauvoorde
Veurne,Booitshoeke
Veurne,Bulskamp
Veurne,De Moeren
Veurne,Eggewaartskapelle
Veurne,Houtem
Veurne,Steenkerke
Veurne,Veurne
Veurne,Vinkem
Veurne,Wulveringem
Veurne,Zoutenaaie
Vielsalm,Bihain
Vielsalm,Grand-Halleux
Vielsalm,Petit-Thier
Vielsalm,Vielsalm
Villers-la-Ville,Marbais
Villers-la-Ville,Mellery
Villers-la-Ville,Sart-Dames-Avelines
Villers-la-Ville,Tilly
Villers-la-Ville,Villers-la-Ville
Villers-le-Bouillet,Fize-Fontaine
Villers-le-Bouillet,Vaux-et-Borset
Villers-le-Bouillet,Vieux-Waleffe
Villers-le-Bouillet,Villers-le-Bouillet
Villers-le-Bouillet,Warnant-Dreye
Vilvoorde,Peutie
Vilvoorde,Vilvoorde
Vilvorde,Peutie
Vilvorde,Vilvoorde
Viroinval,Dourbes
Viroinval,Le Mesnil
Viroinval,Mazée
Viroinval,Nismes
Viroinval,Oignies-en-Thiérache
Viroinval,Olloy-sur-Viroin
Viroinval,Treignes
Viroinval,Vierves-sur-Viroin
Viroinval,Viroinval
Virton,Bleid
Virton,Ethe
Virton,Latour
Virton,Ruette
Virton,Saint-Mard
Virton,Virton
Visé,Argenteau
Visé,Cheratte
Visé,Lanaye
Visé,Lixhe
Visé,Richelle
Visé,Visé
Vleteren,Oostvleteren
Vleteren,Vleteren
Vleteren,Westvleteren
Vleteren,Woesten
Vloesberg,Flobecq
Vloesberg,Vloesberg
Voeren,Fouron-le-Comte
Voeren,Fourons
Voeren,Fouron-Saint-Martin
Voeren,Fouron-Saint-Pierre
Voeren,Moelingen
Voeren,Mouland
Voeren,Remersdaal
Voeren,s Gravenvoeren
Voeren,Sint-Martens-Voeren
Voeren,Sint-Pieters-Voeren
Voeren,Teuven
Voeren,Voeren
Vorselaar,Vorselaar
Vorst,Brussel
Vorst,Bruxelles
Vorst,Forest
Vorst,Vorst
Vosselaar,Vosselaar
Vresse-sur-Semois,Alle
Vresse-sur-Semois,Bagimont
Vresse-sur-Semois,Bohan
Vresse-sur-Semois,Chairière
Vresse-sur-Semois,Laforêt
Vresse-sur-Semois,Membre
Vresse-sur-Semois,Mouzaive
Vresse-sur-Semois,Nafraiture
Vresse-sur-Semois,Orchimont
Vresse-sur-Semois,Pussemange
Vresse-sur-Semois,Sugny
Vresse-sur-Semois,Vresse-sur-Semois
Waarschoot,Waarschoot
Waasmunster,Waasmunster
Wachtebeke,Wachtebeke
Waimes,Faymonville
Waimes,Robertville
Waimes,Sourbrodt
Waimes,Waimes
Waimes,Weismes
Walcourt,Berzée
Walcourt,Castillon
Walcourt,Chastrès
Walcourt,Clermont
Walcourt,Fontenelle
Walcourt,Fraire
Walcourt,Gourdinne
Walcourt,Laneffe
Walcourt,Pry
Walcourt,Rognée
Walcourt,Somzée
Walcourt,Tarcienne
Walcourt,Thy-le-Château
Walcourt,Vogenée
Walcourt,Walcourt
Walcourt,Yves-Gomezée
Walhain,Nil-Saint-Vincent-Saint-Martin
Walhain,Tourinnes-Saint-Lambert
Walhain,Walhain
Walhain,Walhain-Saint-Paul
Wanze,Antheit
Wanze,Bas-Oha
Wanze,Huccorgne
Wanze,Moha
Wanze,Vinalmont
Wanze,Wanze
Waregem,Beveren
Waregem,Desselgem
Waregem,Sint-Eloois-Vijve
Waregem,Waregem
Waremme,Bettincourt
Waremme,Bleret
Waremme,Bovenistier
Waremme,Grand-Axhe
Waremme,Lantremange
Waremme,Oleye
Waremme,Waremme
Wasseiges,Acosse
Wasseiges,Ambresin
Wasseiges,Meeffe
Wasseiges,Wasseiges
Waterloo,La Hulpe
Waterloo,Waterloo
Watermaal-Bosvoorde,Brussel
Watermaal-Bosvoorde,Bruxelles
Watermaal-Bosvoorde,Watermaal-Bosvoorde
Watermaal-Bosvoorde,Watermael-Boitsfort
Watermael-Boitsfort,Brussel
Watermael-Boitsfort,Bruxelles
Watermael-Boitsfort,Watermaal-Bosvoorde
Watermael-Boitsfort,Watermael-Boitsfort
Waver,Bierges
Waver,Limal
Waver,Wavre
Wavre,Bierges
Wavre,Limal
Wavre,Wavre
Weismes,Faymonville
Weismes,Robertville
Weismes,Sourbrodt
Weismes,Waimes
Weismes,Weismes
Welkenraedt,Henri-Chapelle
Welkenraedt,Welkenraedt
Wellen,Berlingen
Wellen,Herten
Wellen,Ulbeek
Wellen,Wellen
Wellin,Chanly
Wellin,Halma
Wellin,Lomprez
Wellin,Rochefort
Wellin,Sohier
Wellin,Wellin
Wemmel,Wemmel
Wervik,Geluwe
Wervik,Wervik
Westerlo,Oevel
Westerlo,Tongerlo
Westerlo,Westerlo
Westerlo,Zoerle-Parwijs
Wetteren,Massemen
Wetteren,Westrem
Wetteren,Wetteren
Wevelgem,Gullegem
Wevelgem,Moorsele
Wevelgem,Wevelgem
Wezembeek-Oppem,Wezembeek-Oppem
Wezet,Argenteau
Wezet,Cheratte
Wezet,Lanaye
Wezet,Lixhe
Wezet,Richelle
Wezet,Visé
Wichelen,Schellebelle
Wichelen,Serskamp
Wichelen,Wichelen
Wielsbeke,Ooigem
Wielsbeke,Sint-Baafs-Vijve
Wielsbeke,Wielsbeke
Wijnegem,Wijnegem
Willebroek,Blaasveld
Willebroek,Heindonk
Willebroek,Tisselt
Willebroek,Willebroek
Wingene,Wingene
Wingene,Zwevezele
Woluwe-Saint-Lambert,Brussel
Woluwe-Saint-Lambert,Bruxelles
Woluwe-Saint-Lambert,Sint-Lambrechts-Woluwe
Woluwe-Saint-Lambert,Woluwe-Saint-Lambert
Woluwe-Saint-Pierre,Brussel
Woluwe-Saint-Pierre,Bruxelles
Woluwe-Saint-Pierre,Sint-Pieters-Woluwe
Woluwe-Saint-Pierre,Woluwe-Saint-Pierre
Wommelgem,Wommelgem
Wortegem-Petegem,Elsegem
Wortegem-Petegem,Moregem
Wortegem-Petegem,Ooike
Wortegem-Petegem,Petegem-aan-de-Schelde
Wortegem-Petegem,Wortegem
Wortegem-Petegem,Wortegem-Petegem
Wuustwezel,Brecht
Wuustwezel,Loenhout
Wuustwezel,Wuustwezel
Ypres,Boezinge
Ypres,Brielen
Ypres,Dikkebus
Ypres,Elverdinge
Ypres,Hollebeke
Ypres,Ieper
Ypres,Sint-Jan
Ypres,Vlamertinge
Ypres,Voormezele
Ypres,Zillebeke
Ypres,Zuidschote
Yvoir,Dorinne
Yvoir,Durnal
Yvoir,Evrehailles
Yvoir,Godinne
Yvoir,Houx
Yvoir,Mont
Yvoir,Purnode
Yvoir,Spontin
Yvoir,Yvoir
Zandhoven,Massenhoven
Zandhoven,Pulderbos
Zandhoven,Pulle
Zandhoven,Viersel
Zandhoven,Zandhoven
Zaventem,Nossegem
Zaventem,Sint-Stevens-Woluwe
Zaventem,Sterrebeek
Zaventem,Zaventem
Zedelgem,Aartrijke
Zedelgem,Loppem
Zedelgem,Veldegem
Zedelgem,Zedelgem
Zele,Zele
Zelzate,Zelzate
Zemst,Elewijt
Zemst,Eppegem
Zemst,Hofstade
Zemst,Weerde
Zemst,Zemst
Zingem,Huise
Zingem,Ouwegem
Zingem,Zingem
Zinnik,Casteau
Zinnik,Chaussée-Notre-Dame-Louvignies
Zinnik,Horrues
Zinnik,Naast
Zinnik,Neufvilles
Zinnik,Soignies
Zinnik,Thieusies
Zoersel,Halle
Zoersel,Zoersel
Zomergem,Oostwinkel
Zomergem,Ronsele
Zomergem,Zomergem
Zonhoven,Zonhoven
Zonnebeke,Beselare
Zonnebeke,Geluveld
Zonnebeke,Passendale
Zonnebeke,Zandvoorde
Zonnebeke,Zonnebeke
Zottegem,Elene
Zottegem,Erwetegem
Zottegem,Godveerdegem
Zottegem,Grotenberge
Zottegem,Leeuwergem
Zottegem,Oombergen
Zottegem,Sint-Goriks-Oudenhove
Zottegem,Sint-Maria-Oudenhove
Zottegem,Strijpen
Zottegem,Velzeke-Ruddershove
Zottegem,Zottegem
Zoutleeuw,Budingen
Zoutleeuw,Dormaal
Zoutleeuw,Halle-Booienhoven
Zoutleeuw,Helen-Bos
Zoutleeuw,Zoutleeuw
Zuienkerke,Houtave
Zuienkerke,Meetkerke
Zuienkerke,Nieuwmunster
Zuienkerke,Zuienkerke
Zulte,Machelen
Zulte,Olsene
Zulte,Zulte
Zutendaal,Zutendaal
Zwalm,Beerlegem
Zwalm,Dikkele
Zwalm,Hundelgem
Zwalm,Meilegem
Zwalm,Munkzwalm
Zwalm,Nederzwalm-Hermelgem
Zwalm,Paulatem
Zwalm,Roborst
Zwalm,Rozebeke
Zwalm,Sint-Blasius-Boekel
Zwalm,Sint-Denijs-Boekel
Zwalm,Sint-Maria-Latem
Zwalm,Zwalm
Zwevegem,Heestert
Zwevegem,Moen
Zwevegem,Otegem
Zwevegem,Sint-Denijs
Zwevegem,Zwevegem
Zwijndrecht,Burcht
Zwijndrecht,Zwijndrecht
