Baghlan,Afghanistan
Balch,Afghanistan
Herat,Afghanistan
Kaboel,Afghanistan
Kandahar,Afghanistan
Kunduz,Afghanistan
Mazar-i-Sharif,Afghanistan
Nngarhar,Afghanistan
Durrës,Albanië
Tirana,Albanië
Algiers ,Algerije
El Djazair,Algerije
Annaba,Algerije
Batna,Algerije
Bejaïa,Algerije
Biskra,Algerije
Blida,Algerije
El Boulaïda,Algerije
Bordj Bou Arreridj,Algerije
Bordj el Kiffan,Algerije
Béchar,Algerije
Chlef,Algerije
Ech Cheliff,Algerije
Constantine,Algerije
Qacentina,Algerije
El Djelfa,Algerije
El Eulma,Algerije
El Oued,Algerije
El Wad,Algerije
Ghardaïa,Algerije
Guelma,Algerije
Jijel,Algerije
M'Sila,Algerije
Medea,Algerije
Lemdiyya,Algerije
Mostaganem,Algerije
Oran,Algerije
Wahran,Algerije
Ouargla,Algerije
Wargla,Algerije
Relizane,Algerije
Saïda,Algerije
Sidi-bel-Abbès,Algerije
Skikda,Algerije
Souk Ahras,Algerije
Sétif,Algerije
Stif,Algerije
Tebessa,Algerije
Tiaert,Algerije
Tlemcen,Algerije
Tilimsen,Algerije
Tougourt,Algerije
Charlotte Amalie,Amerikaanse Maagdeneilanden
Pago Pago,Amerikaans-Samoa
Andorra La Vella,Andorra
Huambo,Angola
Luanda,Angola
The Valley,Anguilla
Saint John's,Antigua en Barbuda
Avellaneda,Argentinië
Buenos Aires,Argentinië
Bahía Blanca,Argentinië
Catamarca,Argentinië
Comodoro Rivadavia,Argentinië
Concordia,Argentinië
Corrientes,Argentinië
Córdoba,Argentinië
Formosa,Argentinië
General San Martín,Argentinië
La Matanza,Argentinië
La Plata,Argentinië
Lanus,Argentinië
Lomas de Zamora,Argentinië
Mar del Plata,Argentinië
Mendoza,Argentinië
Morón,Argentinië
Neuquén,Argentinië
Paraná,Argentinië
Posadas,Argentinië
Quilmes,Argentinië
Resistencia,Argentinië
Rosario,Argentinië
Río Cuarto,Argentinië
Salta,Argentinië
San Fernando,Argentinië
San Isidro,Argentinië
San Juan,Argentinië
San Miguel de Tucumán,Argentinië
San Nicolás,Argentinië
San Salvador de Jujuy,Argentinië
Santa Fe,Argentinië
Santiago del Estero,Argentinië
Vicente López,Argentinië
Gjoemri,Armenië
Vanadzor,Armenië
Jerevan,Armenië
Oranjestad,Aruba
Adelaide,Australië
Brisbane,Australië
Canberra,Australië
Cairns,Australië
Darwin,Australië
Geelong,Australië
Gold Coast,Australië
Greater Wollongong,Australië
Hobart,Australië
Melbourne,Australië
Newcastle,Australië
Perth,Australië
Sunshine Coast,Australië
Sydney,Australië
Townsville,Australië
Bakoe,Azerbeidzjan
Ganja,Azerbeidzjan
Sumgayit,Azerbeidzjan
Nassau,Bahama's
Manama,Bahrein
Barisal,Bangladesh
Chittagong,Bangladesh
Comilla,Bangladesh
Dhaka,Bangladesh
Dinajpur,Bangladesh
Jamalpur,Bangladesh
Jessore,Bangladesh
Khulna,Bangladesh
Mymensingh,Bangladesh
Narayanganj,Bangladesh
Nawabganj,Bangladesh
Pabna,Bangladesh
Rajshahi,Bangladesh
Rangpur,Bangladesh
Saidpur,Bangladesh
Tangail,Bangladesh
Tongi,Bangladesh
Bridgetown,Barbados
Antwerpen,België
Brugge,België
Brussel,België
Charleroi,België
Gent,België
Luik,België
Namen,België
Belmopan,Belize
Cotonou,Benin
Porto-Novo,Benin
Parakou,Benin
Hamilton,Bermuda
Thimphu,Bhutan
Cochabamba,Bolivia
El Alto,Bolivia
La Paz,Bolivia
Oruro,Bolivia
Potosí,Bolivia
Sucre,Bolivia
Santa Cruz,Bolivia
Tarija,Bolivia
Banja Luka,Bosnië en Herzegovina
Doboj,Bosnië en Herzegovina
Mostar,Bosnië en Herzegovina
Prijedor,Bosnië en Herzegovina
Sarajevo,Bosnië en Herzegovina
Tuzla,Bosnië en Herzegovina
Zenica,Bosnië en Herzegovina
Francistown,Botswana
Gaborone,Botswana
Abaeteluba,Brazilië
Aguas Lindas de Goiás,Brazilië
Alagoinhas,Brazilië
Alvorada,Brazilië
Americana,Brazilië
Ananindeua,Brazilië
Angra dos Reis,Brazilië
Anápolis,Brazilië
Aparecida de Goiania,Brazilië
Apucarana,Brazilië
Aracaju,Brazilië
Araguaina,Brazilië
Araguario,Brazilië
Arapiraca,Brazilië
Araraquara,Brazilië
Araras,Brazilië
Araucária,Brazilië
Araçatuba,Brazilië
Atibaia,Brazilië
Brasilia,Brazilië
Bagé,Brazilië
Barbacena,Brazilië
Barra Mansa,Brazilië
Barreiras,Brazilië
Barretos,Brazilië
Barueri,Brazilië
Bauru,Brazilië
Belford Roxo,Brazilië
Belo Horizonte,Brazilië
Belém,Brazilië
Betim,Brazilië
Birigui,Brazilië
Blumenou,Brazilië
Boa Vista,Brazilië
Botucatu,Brazilië
Bragança Paulista,Brazilië
Cabo Frio,Brazilië
Cabo de Santo Agostinho,Brazilië
Cachoeirinha,Brazilië
Cachoeiro de Itapemirim,Brazilië
Camacari,Brazilië
Camaragibe,Brazilië
Cametá,Brazilië
Campina Grande,Brazilië
Campinas,Brazilië
Campo Grande,Brazilië
Campos dos Goytacazes,Brazilië
Canoas,Brazilië
Carapicuíba,Brazilië
Cariacica,Brazilië
Caruaru,Brazilië
Cascavel,Brazilië
Castanhal,Brazilië
Catanduva,Brazilië
Caucaia,Brazilië
Caxias,Brazilië
Caxias do Sul,Brazilië
Chapecó,Brazilië
Codo,Brazilië
Colatina,Brazilië
Colombo,Brazilië
Conselheiro Lafaiete,Brazilië
Contagem,Brazilië
Coronel Fabriciano,Brazilië
Cotia,Brazilië
Crato,Brazilië
Criciúma,Brazilië
Cubatao,Brazilië
Cuiabá,Brazilië
Curitiba,Brazilië
Diadema,Brazilië
Divinópolis,Brazilië
Dourados,Brazilië
Duque de Caxias,Brazilië
Embu,Brazilië
Feira de Santana,Brazilië
Ferraz de Vasconcelos,Brazilië
Florianópolis,Brazilië
Fortaleza,Brazilië
Foz do Iguaçu,Brazilië
Franca,Brazilië
Francisco Morato,Brazilië
Franco da Rocha,Brazilië
Garanhuns,Brazilië
Goiânia,Brazilië
Governador Valadares,Brazilië
Gravatai,Brazilië
Guarapuava,Brazilië
Guaratinguetá,Brazilië
Guarujá,Brazilië
Guarulhos,Brazilië
Hortolandia,Brazilië
Ibirité,Brazilië
Ilhéus,Brazilië
Imperatriz,Brazilië
Indaiatuba,Brazilië
Ipatinga,Brazilië
Itabiraí,Brazilië
Itaboraí,Brazilië
Itabuna,Brazilië
Itajaí,Brazilië
Itapecerica da Serra,Brazilië
Itapetininga,Brazilië
Itapevi,Brazilië
Itaquaquecetuba,Brazilië
Itu,Brazilië
Jaboatao dos Guarapes,Brazilië
Jacareí,Brazilië
Jandira,Brazilië
Jaraguá do Sul,Brazilië
Jaú,Brazilië
Jequié,Brazilië
Ji-Paraná,Brazilië
Joao Pessoa,Brazilië
Joinville,Brazilië
Juazeiro,Brazilië
Juiz de Fora,Brazilië
Jundiaí,Brazilië
Juàzeiro do Norte,Brazilië
Lages,Brazilië
Lauro de Freitas,Brazilië
Limeira,Brazilië
Linhares,Brazilië
Londrina,Brazilië
Luziânia,Brazilië
Macae,Brazilië
Macapá,Brazilië
Maceió,Brazilië
Magé,Brazilië
Manaus,Brazilië
Maraba,Brazilië
Maracanau,Brazilië
Maringá,Brazilië
Marília,Brazilië
Mauá,Brazilië
Mesquita,Brazilië
Moji das Cruzes,Brazilië
Moji-Guaçu,Brazilië
Montes Claros,Brazilië
Mossoró,Brazilië
Natal,Brazilië
Nilópolis,Brazilië
Niterói,Brazilië
Nossa Senhora do Socorro,Brazilië
Nova Friburgo,Brazilië
Nova Iguaçu,Brazilië
Nôvo Hamburgo,Brazilië
Olinda,Brazilië
Osasco,Brazilië
Palhoça,Brazilië
Palmas,Brazilië
Paranaguá,Brazilië
Parnamirim,Brazilië
Parnaíba,Brazilië
Passo Fundo,Brazilië
Passos,Brazilië
Patos de Minas,Brazilië
Paulista,Brazilië
Pelotas,Brazilië
Petrolina,Brazilië
Petrópolis,Brazilië
Pindamonhangaba,Brazilië
Pinhais,Brazilië
Piracicaba,Brazilië
Ponta Grossa,Brazilië
Porto Alegre,Brazilië
Porto Seguro,Brazilië
Porto Velho,Brazilië
Pouso Alegre,Brazilië
Poà,Brazilië
Poços de Caldas,Brazilië
Praia Grande,Brazilië
Presidente Prudente,Brazilië
Queimados,Brazilië
Recife,Brazilië
Resende,Brazilië
Ribeirao Pires,Brazilië
Ribeirao Prêto,Brazilië
Ribeirao das Neves,Brazilië
Rio Branco,Brazilië
Rio Claro,Brazilië
Rio Grande,Brazilië
Rio Verde,Brazilië
Rio de Janeiro,Brazilië
Rondonópolis,Brazilië
Sabára,Brazilië
Salvador,Brazilië
Santa Bárbara D'Oeste,Brazilië
Santa Cruz do Sul,Brazilië
Santa Luzia,Brazilië
Santa Maria,Brazilië
Santa Rita,Brazilië
Santarém,Brazilië
Santo André,Brazilië
Santos,Brazilië
Sao Bernardo do Campo,Brazilië
Sao Caetano do Sul,Brazilië
Sao Carlo,Brazilië
Sao Gonçalo,Brazilië
Sao Joao de Meriti,Brazilië
Sao José,Brazilië
Sao José de Ribamar,Brazilië
Sao José do Rio Prêto,Brazilië
Sao José dos Campos,Brazilië
Sao José dos Pinhais,Brazilië
Sao Leopoldo,Brazilië
Sao Luís,Brazilië
Sao Paulo,Brazilië
Sao Vicente,Brazilië
Sapucaia do Sul,Brazilië
Serra,Brazilië
Sete Lagoas,Brazilië
Simoes Filho,Brazilië
Sobral,Brazilië
Sorocaba,Brazilië
Sumaré,Brazilië
Susano,Brazilië
Taboao da Serra,Brazilië
Taubaté,Brazilië
Teixeira de Freitas,Brazilië
Teresina,Brazilië
Teresopolis,Brazilië
Teófilo Otoni,Brazilië
Timon,Brazilië
Toledo,Brazilië
Uberaba,Brazilië
Uberlândia,Brazilië
Uruguaiana,Brazilië
Valparaiso de Goiás,Brazilië
Varginha,Brazilië
Varzea Grande,Brazilië
Varzea Paulista,Brazilië
Viamao,Brazilië
Vila Velha,Brazilië
Vitória,Brazilië
Vitória da Conquista,Brazilië
Vitória de Santo Antao,Brazilië
Volta Redonda,Brazilië
Votorantim,Brazilië
Road Town,Britse Maagdeneilanden
Bandar Seri Begawan,Brunei
Boergas,Bulgarije
Pleven,Bulgarije
Plovdiv,Bulgarije
Roese,Bulgarije
Sofia,Bulgarije
Sliven,Bulgarije
Stara Zagora,Bulgarije
Varna,Bulgarije
Bobo Dioulasso,Burkina Faso
Ouagadougou,Burkina Faso
Bujumbura,Burundi
Battambang,Cambodja
Phnom Penh,Cambodja
Siem Reap,Cambodja
Abbotsford,Canada
British Columbia,Canada
Barrie,Canada
Brantford,Canada
Burlington,Canada
Ontario,Canada
Burnaby,Canada
Calgary,Canada
Cambridge,Canada
Ontario,Canada
Cape Breton,Canada
Chatham-Kent,Canada
Coquitlam,Canada
Edmonton,Canada
Gatineau,Canada
Guelph,Canada
Halifax,Canada
Hamilton,Canada
Kingston,Canada
Ontario,Canada
Kitchener,Canada
Laval,Canada
London,Canada
Ontario,Canada
Longueuil,Canada
Markham,Canada
Mississauga,Canada
Montréal,Canada
Ottawa,Canada
Oakville,Canada
Oshawa,Canada
Quebec,Canada
Regina,Canada
Richmond,Canada
British Columbia,Canada
Richmond Hill,Canada
Saanich,Canada
Saskatoon,Canada
St. Catharines,Canada
Sudbury,Canada
Surrey,Canada
Thunder Bay,Canada
Toronto,Canada
Trois-Rivières,Canada
Vancouver,Canada
Vaughan,Canada
Victoria,Canada
Windsor,Canada
Winnipeg,Canada
Bangui,Centraal-Afrikaanse Republiek
Antofagasta,Chili
Arica,Chili
Calama,Chili
Chillán,Chili
Concepción,Chili
Copiapó,Chili
Coquimbo,Chili
Iquique,Chili
La Serena,Chili
Los Angeles,Chili
Osorno,Chili
Puente Alto,Chili
Puerto Montt,Chili
Punta Arenas,Chili
Quilpué,Chili
Rancagua,Chili
Santiago de Chile,Chili
San Bernardo,Chili
Talca,Chili
Talcahuano,Chili
Temuco,Chili
Valdivia,Chili
Valparaíso,Chili
Viña del Mar,Chili
Acheng,China
Akesu,China
Aletai,China
An'guo,China
Anda,China
Ankang,China
Anlu,China
Anning,China
Anqing,China
Anqiu,China
Anshan,China
Anshun,China
Anyang,China
Atushi,China
Baicheng,China
Baise,China
Baishan,China
Baiyin,China
Baoding,China
Baoji,China
Baoshan,China
Baotou,China
Bazhong,China
Bazhou,China
Beian,China
Beihai,China
Beiliu,China
Beining,China
Beipiao,China
Bengbu,China
Benxi,China
Bijie,China
Binzhou,China
Bole,China
Botou,China
Bozhou,China
Cangzhou,China
Cenxi,China
Changchun,China
Changde,China
Changge,China
Changji,China
Changle,China
Changning,China
Changsha,China
Changshu,China
Changyi,China
Changzhi,China
Changzhou,China
Chaohu,China
Chaoyang,China
Guangdong,China
Chaoyang,China
Liaoning,China
Chaozhou,China
Chengde,China
Chengdu,China
Chenghai,China
Chenzhou,China
Chiayi,China
Chibi,China
Chifeng,China
Chishui,China
Chizhou,China
Chongqing,China
Chongzhou,China
Chuxiong,China
Chuzhou,China
Cixi,China
Conghua,China
Daan,China
Dafeng,China
Dali,China
Dalian,China
Dandong,China
Dangyang,China
Danjiangkou,China
Danyang,China
Danzhou,China
Daqing,China
Dashiqiao,China
Datong,China
Daye,China
Dazhou,China
Dehui,China
Dengfeng,China
Dengta,China
Dengzhou,China
Dexing,China
Deyang,China
Dezhou,China
Dingzhou,China
Dongfang,China
Donggang,China
Dongguan,China
Dongsheng,China
Dongtai,China
Dongxing,China
Dongyang,China
Dongying,China
Dujiangyan,China
Dunhua,China
Dunhuang,China
Duyun,China
Emeishan,China
Enping,China
Enshi,China
Ezhou,China
Fangchenggang,China
Feicheng,China
Fengcheng,China
Jiangxi,China
Fengcheng,China
Liaoning,China
Fenghua,China
Fengnan,China
Fengzhen,China
Fenyang,China
Foshan,China
Fuan,China
Fuding,China
Fujin,China
Fukang,China
Fuqing,China
Fuquan,China
Fushun,China
Fuxin,China
Fuyang,China
Anhui,China
Fuyang,China
Zhejiang,China
Fuzhou,China
Fujian,China
Fuzhou,China
Jiangxi,China
Gaizhou,China
Ganzhou,China
Gaoan,China
Gaobeidian,China
Gaocheng,China
Gaomi,China
Gaoming,China
Gaoping,China
Gaoyao,China
Gaoyou,China
Gaozhou,China
Geermu,China
Gejiu,China
Genhe,China
Gongyi,China
Gongzhuling,China
Guang'an,China
Guanghan,China
Guangshui,China
Guangyuan,China
Guangzhou,China
Guigang,China
Guilin,China
Guiping,China
Guixi,China
Guiyang,China
Gujiao,China
Haicheng,China
Haikou,China
Hailaer,China
Hailin,China
Hailun,China
Haimen,China
Haining,China
Haiyang,China
Hami,China
Hancheng,China
Hanchuan,China
Handan,China
Hangzhou,China
Hanzhong,China
Harbin,China
Hebi,China
Hechi,China
Hechuan,China
Hefei,China
Hegang,China
Heihe,China
Hejian,China
Hejin,China
Helong,China
Hengshui,China
Hengyang,China
Heshan,China
Guangdong,China
Heshan,China
Guangxi,China
Hetian,China
Heyuan,China
Heze,China
Hezhou,China
Honghu,China
Hongjiang,China
Houma,China
Hsinchu,China
Huadian,China
Huaian,China
Huaibei,China
Huaihua,China
Huainan,China
Huaiyin,China
Huanggang,China
Huanghua,China
Huangshan,China
Huangshi,China
Hubei,China
Huayin,China
Huaying,China
Huazhou,China
Huhehaote,China
Huixian,China
Huiyang,China
Huizhou,China
Hulin,China
Huludao,China
Hunchun,China
Huozhou,China
Huzhou,China
Ji'nan,China
Jiamusi,China
Jian,China
Jiangxi,China
Jian,China
Jilin,China
Jian'ou,China
Jiande,China
Jiangdu,China
Jiangjin,China
Jiangmen,China
Jiangshan,China
Jiangyan,China
Jiangyin,China
Jiangyou,China
Jianyang,China
Fujian,China
Jianyang,China
Jiaohe,China
Jiaonan,China
Jiaozhou,China
Jiaozuo,China
Jiaxing,China
Jiayuguan,China
Jieshou,China
Jiexiu,China
Jieyang,China
Jilin,China
Jimo,China
Jinchang,China
Jincheng,China
Jingdezhen,China
Jinggangshan,China
Jinghong,China
Jingjiang,China
Jingmen,China
Jingzhou,China
Jinhua,China
Jining,China
Jining,China
Jinjiang,China
Jinshi,China
Jintan,China
Jinzhong,China
Jinzhou,China
Jinzhou,China
Jishou,China
Jiujiang,China
Jiuquan,China
Jiutai,China
Jixi,China
Jiyuan,China
Jizhou,China
Jurong,China
Kaifeng,China
Kaili,China
Kaiping,China
Kaiyuan,China
Kaiyuan,China
Kaohsiung,China
Kashi,China
Keelung,China
Kelamayi,China
Kuerle,China
Kuitun,China
Kunming,China
Kunshan,China
Laiwu,China
Laixi,China
Laiyang,China
Laizhou,China
Langfang,China
Langzhong,China
Lanxi,China
Lanzhou,China
Laohekou,China
Lechang,China
Leiyang,China
Leizhou,China
Leling,China
Lengshuijiang,China
Leping,China
Leqing,China
Leshan,China
Lhasa,China
Lianjiang,China
Lianyuan,China
Lianyungang,China
Lianzhou,China
Liaocheng,China
Liaoyang,China
Liaoyuan,China
Lichuan,China
Liling,China
Lin'an,China
Linfen,China
Lingbao,China
Linghai,China
Lingwu,China
Lingyuan,China
Linhai,China
Linhe,China
Linjiang,China
Linqing,China
Linxia,China
Linxiang,China
Linyi,China
Linzhou,China
Lishi,China
Lishui,China
Liuan,China
Liupanshui,China
Liuyang,China
Liuzhou,China
Liyang,China
Longhai,China
Longjing,China
Longkou,China
Longquan,China
Longyan,China
Loudi,China
Lucheng,China
Lufeng,China
Luoding,China
Luohe,China
Luoyang,China
Luquan,China
Luxi,China
Luzhou,China
Maanshan,China
Macheng,China
Manzhouli,China
Maoming,China
Meihekou,China
Meishan,China
Meixian,China
Meizhou,China
Mianyang,China
Mianzhu,China
Miluo,China
Mingguang,China
Miquan,China
Mishan,China
Mudanjiang,China
Muling,China
Nan'an,China
Nan'gong,China
Nanchang,China
Nanchong,China
Nanchuan,China
Nanhai,China
Nanjing,China
Nankang,China
Nanning,China
Nanping,China
Nantong,China
Nanxiong,China
Nanyang,China
Nehe,China
Neijiang,China
Ning'an,China
Ningbo,China
Ningde,China
Ningguo,China
Panjin,China
Panshi,China
Panzhihua,China
Peking,China
Penglai,China
Pengzhou,China
Pingdingshan,China
Pingdu,China
Pinghu,China
Pingliang,China
Pingxiang,China
Pingxiang,China
Pizhou,China
Pulandian,China
Puning,China
Putian,China
Puyang,China
Qian'an,China
Qianjiang,China
Qidong,China
Qingdao,China
Qingtongxia,China
Qingyuan,China
Qingzhen,China
Qingzhou,China
Qinhuangdao,China
Qinyang,China
Qinzhou,China
Qionghai,China
Qionglai,China
Qiongshan,China
Qiqihaer,China
Qitaihe,China
Qixia,China
Quanzhou,China
Qufu,China
Qujing,China
Quzhou,China
Renhuai,China
Renqiu,China
Rizhao,China
Rongcheng,China
Rugao,China
Ruian,China
Ruichang,China
Ruijin,China
Ruili,China
Rushan,China
Ruzhou,China
Sanhe,China
Sanmenxia,China
Sanming,China
Sanshui,China
Sanya,China
Shahe,China
Shanghai,China
Shangqiu,China
Shangrao,China
Shangyu,China
Shangzhi,China
Shangzhou,China
Shantou,China
Shanwei,China
Shaoguan,China
Shaowu,China
Shaoxing,China
Shaoyang,China
Shengzhou,China
Shenyang,China
Shenzhen,China
Shenzhou,China
Shifang,China
Shihezi,China
Shijiazhuang,China
Shishi,China
Shishou,China
Shiyan,China
Shizuishan,China
Shouguang,China
Shuangcheng,China
Shuangliao,China
Shuangyashan,China
Shulan,China
Shunde,China
Shuozhou,China
Sihui,China
Simao,China
Siping,China
Songyuan,China
Songzi,China
Suihua,China
Suining,China
Suizhou,China
Suqian,China
Suzhou,China
Suzhou,China
Tacheng,China
Taian,China
Taicang,China
Taichung,China
Tainan,China
Taipei,China
Taishan,China
Taixing,China
Taiyuan,China
Taizhou,China
Taizhou,China
Tangshan,China
Taonan,China
Tengzhou,China
Tianchang,China
Tianjin,China
Tianmen,China
Tianshui,China
Tiefa,China
Tieli,China
Tieling,China
Tongcheng,China
Tongchuan,China
Tonghua,China
Tongjiang,China
Tongliao,China
Tongling,China
Tongren,China
Tongshi,China
Tongxiang,China
Tongzhou,China
Tulufan,China
Tumen,China
Urumqi,China
Wafangdian,China
Wanning,China
Wanyuan,China
Weifang,China
Weihai,China
Weihui,China
Weinan,China
Wenchang,China
Wendeng,China
Wenling,China
Wenzhou,China
Wuan,China
Wuchang,China
Wuchuan,China
Wudalianchi,China
Wugang,China
Wugang,China
Wuhai,China
Wuhan,China
Wuhu,China
Wujiang,China
Wujin,China
Wulanhaote,China
Wusu,China
Wuwei,China
Wuxi,China
Wuxian,China
Wuxue,China
Wuyishan,China
Wuzhong,China
Wuzhou,China
Xi'an,China
Xi'ning,China
Xiamen,China
Xiangcheng,China
Xiangfan,China
Xiangtan,China
Xiangxiang,China
Xianning,China
Xiantao,China
Xianyang,China
Xiaogan,China
Xiaoshan,China
Xiaoyi,China
Xichang,China
Xifeng,China
Xilin'haote,China
Xingcheng,China
Xinghua,China
Xingning,China
Xingping,China
Xingtai,China
Xingyang,China
Xingyi,China
Xinhui,China
Xinji,China
Xinle,China
Xinmi,China
Xinmin,China
Xintai,China
Xinxiang,China
Xinyang,China
Xinyi,China
Xinyi,China
Xinyu,China
Xinzheng,China
Xinzhou,China
Xishan,China
Xuancheng,China
Xuanwei,China
Xuchang,China
Xuzhou,China
Yaan,China
Yakeshi,China
Yan'an,China
Yancheng,China
Yangchun,China
Yangjiang,China
Yangquan,China
Yangzhong,China
Yangzhou,China
Yanji,China
Yanshi,China
Yantai,China
Yi'ning,China
Yibin,China
Yichang,China
Yicheng,China
Yichun,China
Yichun,China
Yidu,China
Yima,China
Yinchuan,China
Yingcheng,China
Yingde,China
Yingkou,China
Yingtan,China
Yiwu,China
Yixing,China
Yiyang,China
Yizheng,China
Yizhou,China
Yong'an,China
Yongcheng,China
Yongchuan,China
Yongji,China
Yongkang,China
Yongzhou,China
Yuanjiang,China
Yuanping,China
Yucheng,China
Yueyang,China
Yuhang,China
Yulin,China
Yulin,China
Yumen,China
Yuncheng,China
Yunfu,China
Yunzhou,China
Yushu,China
Yuxi,China
Yuyao,China
Yuzhou,China
Zaoyang,China
Zaozhuang,China
Zengcheng,China
Zhalantun,China
Zhangjiagang,China
Zhangjiajie,China
Zhangjiakou,China
Zhangping,China
Zhangqiu,China
Zhangshu,China
Zhangye,China
Zhangzhou,China
Zhanjiang,China
Zhaodong,China
Zhaoqing,China
Zhaotong,China
Zhaoyuan,China
Zhengzhou,China
Zhenjiang,China
Zhijiang,China
Zhongshan,China
Zhongxiang,China
Zhoukou,China
Zhoushan,China
Zhuanghe,China
Zhucheng,China
Zhuhai,China
Zhuji,China
Zhumadian,China
Zhuozhou,China
Zhuzhou,China
Zibo,China
Zigong,China
Zixing,China
Ziyang,China
Zoucheng,China
Zunhua,China
Zunyi,China
Hongkong,Hongkong
Macau,Macau
Armenia,Colombia
Barrancabermeja,Colombia
Barranquilla,Colombia
Bello,Colombia
Bogota,Colombia
Bucaramanga,Colombia
Buenaventura,Colombia
Buga,Colombia
Cali,Colombia
Cartagena,Colombia
Cartago,Colombia
Ciénaga,Colombia
Cúcuta,Colombia
Dos Quebradas,Colombia
Duitama,Colombia
Envigado,Colombia
Florencia,Colombia
Floridablanca,Colombia
Fusagasuga,Colombia
Girardot,Colombia
Girón,Colombia
Ibagué,Colombia
Itagüi,Colombia
Lorica,Colombia
Magangué,Colombia
Maicao,Colombia
Manizales,Colombia
Medellín,Colombia
Montería,Colombia
Neiva,Colombia
Palmira,Colombia
Pasto,Colombia
Pereira,Colombia
Popayán,Colombia
Santa Fe De Bogota,Colombia
Sahagún,Colombia
Santa Marta,Colombia
Sincelejo,Colombia
Soacha,Colombia
Sogamoso,Colombia
Soledad,Colombia
Tuluá,Colombia
Tumaco,Colombia
Tunja,Colombia
Turbo,Colombia
Valledupar,Colombia
Villavicencio,Colombia
Moroni,Comoren
Brazzaville,Congo-Brazzaville
Pointe-Noire,Congo-Brazzaville
Boma,Congo-Kinshasa
Bukavu,Congo-Kinshasa
Kinshasa,Congo-Kinshasa
Kananga,Congo-Kinshasa
Kikwit,Congo-Kinshasa
Kisangani,Congo-Kinshasa
Kolwezi,Congo-Kinshasa
Likasi,Congo-Kinshasa
Lubumbashi,Congo-Kinshasa
Matadi,Congo-Kinshasa
Mbandaka,Congo-Kinshasa
Mbuji-Mayi,Congo-Kinshasa
Rarotonga,Cookeilanden
Alajuela,Costa Rica
Cartago,Costa Rica
Heredia,Costa Rica
Puntarenas,Costa Rica
San José,Costa Rica
Bayamo,Cuba
Camagüey,Cuba
Ciego de Avila,Cuba
Cienfuegos,Cuba
Guantánamo,Cuba
Havana,Cuba
Holguín,Cuba
Las Tunas,Cuba
Matanzas,Cuba
Pinar del Río,Cuba
Sancti Spíritus,Cuba
Santa Clara,Cuba
Santiago de Cuba,Cuba
Willemstad,Curaçao
Nicosia,Cyprus
Limasol,Cyprus
Aalborg,Denemarken
Aarhus,Denemarken
Kopenhagen,Denemarken
Odense,Denemarken
Djibouti,Djibouti
Roseau,Dominica
Santo Domingo,Dominicaanse Republiek
San Pedro de Macoris,Dominicaanse Republiek
Santiago de los Caballeros,Dominicaanse Republiek
Aken,Duitsland
Augsburg,Duitsland
Berlijn,Duitsland
Bergisch Gladbach,Duitsland
Bielefeld,Duitsland
Bochum,Duitsland
Bonn,Duitsland
Bottrop,Duitsland
Braunschweig,Duitsland
Bremen,Duitsland
Bremerhaven,Duitsland
Chemnitz,Duitsland
Cottbus,Duitsland
Darmstadt,Duitsland
Dortmund,Duitsland
Dresden,Duitsland
Duisburg,Duitsland
Düsseldorf,Duitsland
Erfurt,Duitsland
Erlangen,Duitsland
Essen,Duitsland
Frankfurt am Main,Duitsland
Freiburg im Breisgau,Duitsland
Fürth,Duitsland
Gelsenkirchen,Duitsland
Gera,Duitsland
Göttingen,Duitsland
Hagen,Duitsland
Halle,Duitsland
Hamburg,Duitsland
Hamm,Duitsland
Hannover,Duitsland
Heidelberg,Duitsland
Heilbronn,Duitsland
Herne,Duitsland
Hildesheim,Duitsland
Ingolstadt,Duitsland
Kaiserslautern,Duitsland
Karlsruhe,Duitsland
Kassel,Duitsland
Kiel,Duitsland
Koblenz,Duitsland
Krefeld,Duitsland
Keulen,Duitsland
Leipzig,Duitsland
Leverkusen,Duitsland
Lübeck,Duitsland
Lüdwigshafen am Rhein,Duitsland
Maagdenburg,Duitsland
Mainz,Duitsland
Mannheim,Duitsland
Moers,Duitsland
Mönchengladbach,Duitsland
Mülheim an der Ruhr,Duitsland
München,Duitsland
Münster,Duitsland
Neurenberg,Duitsland
Neuss,Duitsland
Oberhausen,Duitsland
Offenbach am Main,Duitsland
Oldenburg,Duitsland
Osnabrück,Duitsland
Paderborn,Duitsland
Pforzheim,Duitsland
Potsdam,Duitsland
Recklinghausen,Duitsland
Regensburg,Duitsland
Remscheid,Duitsland
Reutlingen,Duitsland
Rostock,Duitsland
Saarbrücken,Duitsland
Salzgitter,Duitsland
Schwerin,Duitsland
Siegen,Duitsland
Solingen,Duitsland
Stuttgart,Duitsland
Ulm,Duitsland
Wiesbaden,Duitsland
Witten,Duitsland
Wolfsburg,Duitsland
Wuppertal,Duitsland
Würzburg,Duitsland
Zwickau,Duitsland
Ambato,Ecuador
Cuenca,Ecuador
Esmeraldas,Ecuador
Guayaquil,Ecuador
Ibarra,Ecuador
Loja,Ecuador
Machala,Ecuador
Manta,Ecuador
Milagro,Ecuador
Portoviejo,Ecuador
Quito,Ecuador
Quevedo,Ecuador
Riobamba,Ecuador
Santo Domingo de los Colorados,Ecuador
Al Orizah,Egypte
Alexandrië,Egypte
Assyût,Egypte
Aswan,Egypte
Banha,Egypte
Beni-Suef,Egypte
Caïro,Egypte
Damanhûr,Egypte
El-Mahalla El-Kubra,Egypte
Faiyûm,Egypte
Giza,Egypte
Imbaba,Egypte
Ismailia,Egypte
Kafr-El-Dwar,Egypte
Kena,Egypte
Luxor,Egypte
Mansûra,Egypte
Menia,Egypte
Port Said,Egypte
Shebin-El-Kom,Egypte
Shubra-El-Khema,Egypte
Sohag,Egypte
Suez,Egypte
Tanta,Egypte
Zagazig,Egypte
Ahuachapan,El Salvador
Apopa,El Salvador
Ciudad Delgado,El Salvador
Cuscatancingo,El Salvador
Ilopango,El Salvador
Mejicanos,El Salvador
Nueva San Salvador,El Salvador
San Salvador,El Salvador
San Martin,El Salvador
San Miguel,El Salvador
Santa Ana,El Salvador
Sonsonate,El Salvador
Soyapango,El Salvador
Malabo,Equatoriaal-Guinea
Asmara,Eritrea
Tallinn,Estland
Tartu,Estland
Addis Abeba,Ethiopië
Awassa,Ethiopië
Bahir Dar,Ethiopië
Debre Zeit,Ethiopië
Dessie,Ethiopië
Dire Dawa,Ethiopië
Gondar,Ethiopië
Harar,Ethiopië
Jimma,Ethiopië
Mekele,Ethiopië
Nazareth,Ethiopië
Tórshavn,Faeröer
Stanley,Falklandeilanden
Suva,Fiji
Angeles,Filipijnen
Bacolod,Filipijnen
Baguio,Filipijnen
Batangas,Filipijnen
Butuan,Filipijnen
Cagayan de Oro,Filipijnen
Cebu,Filipijnen
Cotabato,Filipijnen
Dagupan,Filipijnen
Davao,Filipijnen
Digos,Filipijnen
Dumaguete,Filipijnen
General Santos,Filipijnen
Iligan,Filipijnen
Iloilo,Filipijnen
Kalookan,Filipijnen
Kidapawan,Filipijnen
Koronadal,Filipijnen
Las Piñas,Filipijnen
Legasp,Filipijnen
Lucena City,Filipijnen
Manilla,Filipijnen
Makati,Filipijnen
Malabalay,Filipijnen
Mandaluyong,Filipijnen
Mandaue,Filipijnen
Marawi,Filipijnen
Marikina,Filipijnen
Muntinlupa,Filipijnen
Olongapo,Filipijnen
Pagadian,Filipijnen
Paranaque,Filipijnen
Pasay,Filipijnen
Pasig,Filipijnen
Puerto Princesa,Filipijnen
Quezon City,Filipijnen
Roxas,Filipijnen
San Fernando,Filipijnen
Surigao,Filipijnen
Taguig,Filipijnen
Tagum,Filipijnen
Tarlac,Filipijnen
Valenzuela,Filipijnen
Zamboanga,Filipijnen
Espoo,Finland
Helsinki,Finland
Oulu,Finland
Tampere,Finland
Turku,Finland
Vantaa,Finland
Aix-en-Provence,Frankrijk
Amiens,Frankrijk
Angers,Frankrijk
Besançon,Frankrijk
Bordeaux,Frankrijk
Boulogne-Billancourt,Frankrijk
Brest,Frankrijk
Caen,Frankrijk
Clermont-Ferrand,Frankrijk
Dijon,Frankrijk
Grenoble,Frankrijk
Le Havre,Frankrijk
Le Mans,Frankrijk
Limoges,Frankrijk
Lyon,Frankrijk
Marseille,Frankrijk
Metz,Frankrijk
Montpellier,Frankrijk
Mulhouse,Frankrijk
Nancy,Frankrijk
Nantes,Frankrijk
Nice,Frankrijk
Nîmes,Frankrijk
Orléans,Frankrijk
Parijs,Frankrijk
Perpignan,Frankrijk
Reims,Frankrijk
Rennes,Frankrijk
Rijsel,Frankrijk
Rouen,Frankrijk
Saint-Etienne,Frankrijk
Straatsburg,Frankrijk
Toulon,Frankrijk
Toulouse,Frankrijk
Tours,Frankrijk
Villeurbanne,Frankrijk
Cayenne,Frans-Guyana
Papeete,Frans-Polynesië
Libreville,Gabon
Banjul,Gambia
Batumi,Georgië
Kutaisi,Georgië
Rustavi,Georgië
Sukhumi,Georgië
Tbilisi,Georgië
Accra,Ghana
Kumasi,Ghana
Sekondi-Takoradi,Ghana
Tamale,Ghana
Tema,Ghana
Gibraltar,Gibraltar
Nuuk,Groenland
St. George's,Grenada
Athene,Griekenland
Kallithea,Griekenland
Iraklion,Griekenland
Larisa,Griekenland
Patras,Griekenland
Piraeus,Griekenland
Peristeri,Griekenland
Thessaloniki,Griekenland
Basse-Terre,Guadeloupe
Pointe-à-Pitre,Guadeloupe
Agana,Guam
Escuintla,Guatemala
Guatemala,Guatemala
Mixco,Guatemala
Quetzaltenango,Guatemala
Villa Nueva,Guatemala
Saint Peter Port,Guernsey
Conakry,Guinee
Kankan,Guinee
Kindia,Guinee
Labé,Guinee
Nzérékoré,Guinee
Bissau,Guinee-Bissau
Georgetown,Guyana
Cap-Haïtien,Haïti
Carrefour,Haïti
Delmas,Haïti
Port-au-Prince,Haïti
Choloma,Honduras
La Ceiba,Honduras
San Pedro Sula,Honduras
Tegucigalpa,Honduras
Boedapest,Hongarije
Debrecen,Hongarije
Gyor,Hongarije
Kecskemét,Hongarije
Miskolc,Hongarije
Nyíregyháza,Hongarije
Pécs,Hongarije
Szeged,Hongarije
Székesfehérvár,Hongarije
Cork,Ierland
Dublin,Ierland
Reykjavik,IJsland
Abohar,India
Achalpur,India
Adilabad,India
Adityapur,India
Adoni,India
Agartala,India
Agra,India
Ahmedabad,India
Ahmednagar,India
Aizawl,India
Ajitgarh,India
Ajmer,India
Akola,India
Alandur,India
Alappuzha,India
Aligarh,India
Alipurduar,India
Allahabad,India
Alwal,India
Alwar,India
Ambala,India
Ambala Sadar,India
Ambarnath,India
Ambattur,India
Amravati,India
Amritsar,India
Amroha,India
Anand,India
Anantapur,India
Anklesvar,India
Arcot,India
Arrah,India
Asansol,India
Ashoknagar Kalyangarh,India
Aurangabad,India
Avadi,India
Azamgarh,India
Bahadurgarh,India
Baharampur,India
Bahraich,India
Baidyabati,India
Baleshwar,India
Ballia,India
Bally,India
Balurghat,India
Banda,India
Bandhavgarh,India
Bangalore,India
Bangaon,India
Bankura,India
Bansberia,India
Baranagar,India
Barasat,India
Barddhaman,India
Bareilly,India
Baripada,India
Barrackpur,India
Barshi,India
Basirhat,India
Basti,India
Batala,India
Bathinda,India
Beawar,India
Begusarai,India
Belgaum,India
Bellary,India
Bettiah,India
Bhadravati,India
Bhadreswar,India
Bhagalpur,India
Bhalswa Jahangir Pur,India
Bharatpur,India
Bharuch,India
Bhatpara,India
Bhavani,India
Bhavnagar,India
Bheemavaram,India
Bhilai Nagar,India
Bhilwara,India
Bhind,India
Bhiwandi,India
Bhiwani,India
Bhopal,India
Bhubaneswar,India
Bhusawal,India
Bid,India
Bidar,India
Bidhan Nagar,India
Bihar,India
Bijapur,India
Bikaner,India
Bilaspur,India
Birnagar,India
Bokaro Steel City,India
Bommanahalli,India
Botad,India
Brahmapur,India
Budaun,India
Bulandshahr,India
Burhanpur,India
Byatarayanapura,India
Chakdaha,India
Champdani,India
Chandan Nagar,India
Chandausi,India
Chandigarh,India
Chandrapur,India
Chapra,India
Chennai,India
Cherthala,India
Chhatarpur,India
Chhindwara,India
Chikmagalur,India
Chirala,India
Chirkunda,India
Chitradurga,India
Chittoor,India
Churu,India
Coimbatore,India
Cooch Behar,India
Coonoor,India
Cuddalore,India
Cuddapah,India
Cuttack,India
Dallo Pura,India
Damoh,India
Darbhanga,India
Darjiling,India
Dasarahalli,India
Davangere,India
Dehradun,India
Dehri,India
Delhi,India
Delhi Cantonment,India
Deoghar,India
Deoli,India
Deoria,India
Dewas,India
Dhanbad,India
Dharmavaram,India
Dhule,India
Dibrugarh,India
Dimapur,India
Dinapur Nizamat,India
Dindigul,India
Dohad,India
Dumdum,India
Durg,India
Durg-Bhilai Nagar,India
Durgapur,India
Eluru,India
Erode,India
Etah,India
Etawah,India
Faizabad,India
Faridabad,India
Farrukhabad-cum-Fategarh,India
Fatehpur,India
Firozabad,India
Gadag-Betgeri,India
Gajuwaka,India
Gandhinagar,India
Ganganagar,India
Gangawati,India
Gaya,India
Ghatlodiya,India
Ghaziabad,India
Ghazipur,India
Giridih,India
Godhra,India
Gonda,India
Gondiya,India
Gorakhpur,India
Gudivada,India
Gudiyatham,India
Gulbarga,India
Guna,India
Guntakul,India
Guntur,India
Gurgaon,India
Guruvayur,India
Guwahati,India
Gwalior,India
Habra,India
Hajipur,India
Haldia,India
Haldwani-cum-Kathgodam,India
Halisahar,India
Hanumangarh,India
Haora,India
Hapur,India
Hardoi,India
Hardwar,India
Hassan,India
Hathras,India
Hazaribag,India
Hindupur,India
Hisar,India
Hoshiarpur,India
Hospet,India
Hubli-Dharwad,India
Hugli-Chinsurah,India
Hyderabad,India
Ichalakaranji,India
Imphal,India
Indore,India
Ingraj Bazar,India
Itarsi,India
Jabalpur,India
Jagadhri,India
Jagdalpur,India
Jaipur,India
Jalandhar,India
Jalgaon,India
Jalna,India
Jalpaiguri,India
Jammu,India
Jamnagar,India
Jamshedpur,India
Jamuria,India
Jaunpur,India
Jetpur Navagadh,India
Jhansi,India
Jhunjhunun,India
Jind,India
Jodhpur,India
Jorhat,India
Junagadh,India
Kaithal,India
Kakinada,India
Kalol,India
Kalyan,India
Kamarhati,India
Kamptee,India
Kancheepuram,India
Kanchrapara,India
Kanhangad,India
Kannur,India
Kanpur,India
Kapra,India
Karaikkudi,India
Karawal Nagar,India
Karimnagar,India
Karnal,India
Karur,India
Katihar,India
Khammam,India
Khandwa,India
Khanna,India
Kharagpur,India
Khardaha,India
Khargone,India
Kirari Suleman Nagar,India
Kishangarh,India
Kochi,India
Kolar,India
Kolhapur,India
Kolkata,India
Kollam,India
Korba,India
Kota,India
Kothagudem,India
Kottayam,India
Kozhikode,India
Krishnanagar,India
Krishnarajapura,India
Kukatpalle,India
Kulti,India
Kumbakonam,India
Kurnool,India
L.B. Nagar,India
Lakhimpur,India
Lalitpur,India
Latur,India
Loni,India
Lucknow,India
Ludhiana,India
Machilipatnam,India
Madanapalle,India
Madhyamgram,India
Madurai,India
Mahadevapura,India
Mahbubnagar,India
Mahesana,India
Maheshtala,India
Mainpuri,India
Malappuram,India
Malegaon,India
Malerkotla,India
Malkajgiri,India
Mancherial,India
Mandsaur,India
Mandya,India
Mangalore,India
Mango,India
Mathura,India
Maunath Bhanjan,India
Medinipur,India
Meerut,India
Mira-Bhayandar,India
Mirzapur-cum-Vindhyachal,India
Modinagar,India
Moga,India
Moradabad,India
Morena,India
Mormugoa,India
Motihari,India
Mughalsarai,India
Mumbai,India
Munger,India
Murwara,India
Muzaffarnagar,India
Muzaffarpur,India
Mysore,India
New Delhi,India
Nabadwip,India
Nadiad,India
Nagaon,India
Nagercoil,India
Nagpur,India
Naihati,India
Nala Sopara,India
Nalgonda,India
Nanded,India
Nandyal,India
Nangloi Jat,India
Nashik,India
Navghar-Manikpur,India
Navi Mumbai,India
Navsari,India
Neemuch,India
Nellore,India
Neyveli,India
Nizamabad,India
Noida,India
North Barrackpur,India
North Dumdum,India
Ongole,India
Orai,India
Ozhukarai,India
Palakkad,India
Palanpur,India
Pali,India
Pallavaram,India
Palwal,India
Panchkula,India
Panihati,India
Panipat,India
Panvel,India
Parbhani,India
Patan,India
Pathankot,India
Patiala,India
Patna,India
Phagwara,India
Phusro,India
Pilibhit,India
Pimpri Chinchwad,India
Pollachi,India
Pondicherry,India
Porbandar,India
Port Blair,India
Proddatur,India
Pudukkottai,India
Pune,India
Puri,India
Purnia,India
Puruliya,India
Quthbullapur,India
Rae Bareli,India
Raichur,India
Raiganj,India
Raigarh,India
Raipur,India
Rajahmundry,India
Rajapalayam,India
Rajarhat Gopalpur,India
Rajkot,India
Rajnandgaon,India
Rajpur Sonarpur,India
Ramagundam,India
Rampur,India
Ranaghat,India
Ranchi,India
Raniganj,India
Ratlam,India
Raurkela,India
Rewa,India
Rewari,India
Rishra,India
Robertson Pet,India
Rohtak,India
Roorkee,India
Sagar,India
Saharanpur,India
Saharasa,India
Salem,India
Sambalpur,India
Sambhal,India
Sangli-Miraj-Kupwad,India
Santipur,India
Sasaram,India
Satara,India
Satna,India
Sawai Madhopur,India
Secunderabad,India
Serampore,India
Serilingampalle,India
Shahjahanpur,India
Shillong,India
Shimla,India
Shimoga,India
Shivapuri,India
Sikar,India
Silchar,India
Siliguri,India
Singrauli,India
Sirsa,India
Sitapur,India
Sivakasi,India
Siwan,India
Solapur,India
Sonipat,India
South Dum Dum,India
Srikakulam,India
Srinagar,India
Sultan Pur Majra,India
Sultanpur,India
Surat,India
Surendranagar Dudhrej,India
Tadepalligudem,India
Tambaram,India
Tenali,India
Thane,India
Thanesar,India
Thanjavur,India
Thiruvananthapuram,India
Thoothukkudi,India
Thrissur,India
Tinsukia,India
Tiruchchirappalli,India
Tirunelveli,India
Tirupati,India
Tiruppur,India
Tiruvannamalai,India
Tiruvottiyur,India
Titagarh,India
Tonk,India
Tumkur,India
Udaipur,India
Udupi,India
Ujjain,India
Ulhasnagar,India
Uluberia,India
Unnao,India
Uppal Kalan,India
Uttarpara Kotrung,India
Vadakara,India
Vadodara,India
Valsad,India
Vaniyambadi,India
Varanasi,India
Vasai,India
Vejalpur,India
Vellore,India
Veraval,India
Vidisha,India
Vijayawada,India
Virar,India
Visakhapatnam,India
Vizianagarm,India
Wadhwan,India
Warangal,India
Wardha,India
Yamunanagar,India
Yavatmal,India
Ambon,Indonesië
Balikpapan,Indonesië
Banda Aceh,Indonesië
Bandar Lampung,Indonesië
Banjarmasin,Indonesië
Bandung,Indonesië
Batam,Indonesië
Bengkulu,Indonesië
Binjai,Indonesië
Bitung,Indonesië
Blitar,Indonesië
Bogor,Indonesië
Cirebon,Indonesië
Denpasar,Indonesië
Gorontalo,Indonesië
Jakarta,Indonesië
Jambi,Indonesië
Jayapura,Indonesië
Kediri,Indonesië
Madiun,Indonesië
Magelang,Indonesië
Makassar,Indonesië
Malang,Indonesië
Manado,Indonesië
Mataram,Indonesië
Medan,Indonesië
Mojokerto,Indonesië
Padang,Indonesië
Pekanbaru,Indonesië
Palangkaraya,Indonesië
Palembang,Indonesië
Pangkal Pinang,Indonesië
Pare Pare,Indonesië
Pasuruan,Indonesië
Pekalongan,Indonesië
Pematang Siantar,Indonesië
Pontianak,Indonesië
Probolinggo,Indonesië
Salatiga,Indonesië
Samarinda,Indonesië
Semarang,Indonesië
Sukabumi,Indonesië
Surabaya,Indonesië
Surakarta,Indonesië
Tangerang,Indonesië
Tanjung Balai,Indonesië
Tebing Tinggi,Indonesië
Tegal,Indonesië
Yogyakarta,Indonesië
Adhamiyah,Irak
Amara,Irak
Bagdad,Irak
Basra,Irak
Diwaniya,Irak
Erbil,Irak
Hilla,Irak
Kadhimain,Irak
Karradah Sharqiyah,Irak
Kerbala,Irak
Kirkuk,Irak
Kut,Irak
Majnoon,Irak
Mosul,Irak
Najaf,Irak
Nasariya,Irak
Ramadi,Irak
Sulaimaniya,Irak
Abadan,Iran
Ahwaz,Iran
Amol,Iran
Andimeshk,Iran
Arak,Iran
Ardabil,Iran
Babol,Iran
Bandar-e-Abbas,Iran
Birjand,Iran
Bojnurd,Iran
Borujerd,Iran
Bukand,Iran
Bushehr,Iran
Dezful,Iran
Isfahan,Iran
Gonbad-e-Kavus,Iran
Gorgan,Iran
Hamadan,Iran
Ilam,Iran
Islam Shahr (Qasemabad),Iran
Karaj,Iran
Kashan,Iran
Kerman,Iran
Kermanshah,Iran
Khomeini shahr,Iran
Khoramabad,Iran
Khoramshahr,Iran
Khoy,Iran
Mahabad,Iran
Malayer,Iran
Maraqeh,Iran
Marvadsht,Iran
Mashhad,Iran
Masjed Soleyman,Iran
Najafabad,Iran
Neyshabur,Iran
Orumiyeh,Iran
Qaem shahr,Iran
Qarchak,Iran
Qazvin,Iran
Qods,Iran
Qom,Iran
Rasht,Iran
Sabzewar,Iran
Sanandaj,Iran
Saqez,Iran
Sari,Iran
Shahr Kord,Iran
Shahrud,Iran
Shiraz,Iran
Sirjan,Iran
Teheran,Iran
Tabriz,Iran
Varamin,Iran
Yazd,Iran
Zabol,Iran
Zahedan,Iran
Zanjan,Iran
Asjdod,Israël
Asjkelon,Israël
Bat Yam,Israël
Beër Sjeva,Israël
Benee Brak,Israël
Haifa,Israël
Holon,Israël
Jeruzalem,Israël
Netanja,Israël
Petach Tikwa,Israël
Ramat Gan,Israël
Risjon Letsion,Israël
Tel Aviv,Israël
Ancona,Italië
Bari,Italië
Bergamo,Italië
Bologna,Italië
Brescia,Italië
Cagliari,Italië
Catania,Italië
Ferrara,Italië
Florence,Italië
Foggia,Italië
Forlì,Italië
Genua,Italië
Latina,Italië
Livorno,Italië
Messina,Italië
Milaan,Italië
Modena,Italië
Monza,Italië
Napels,Italië
Novara,Italië
Padua,Italië
Palermo,Italië
Parma,Italië
Perugia,Italië
Pescara,Italië
Prato,Italië
Ravenna,Italië
Reggio di Calabria,Italië
Reggio Emilia,Italië
Rimini,Italië
Rome,Italië
Salerno,Italië
Sassari,Italië
Syracuse,Italië
Tarente,Italië
Terni,Italië
Turijn,Italië
Trente,Italië
Triëst,Italië
Venetië,Italië
Verona,Italië
Vicenza,Italië
Abidjan,Ivoorkust
Bouake,Ivoorkust
Daloa,Ivoorkust
Korhogo,Ivoorkust
Yamoussoukro,Ivoorkust
Kingston,Jamaica
Abiko,Japan
Ageo,Japan
Aizuwakamatsu,Japan
Akashi,Japan
Akishima,Japan
Akita,Japan
Amagasaki,Japan
Anjo,Japan
Aomori,Japan
Asahikawa,Japan
Asaka,Japan
Ashikaga,Japan
Atsugi,Japan
Beppu,Japan
Chiba,Japan
Chigasaki,Japan
Chofu,Japan
Daito,Japan
Ebetsu,Japan
Ebina,Japan
Fuchu,Japan
Fuji,Japan
Fujieda,Japan
Fujimi,Japan
Fujinomiya,Japan
Fujisawa,Japan
Fukaya,Japan
Fukui,Japan
Fukuoka,Japan
Fukushima,Japan
Fukuyama,Japan
Funabashi,Japan
Gifu,Japan
Habikino,Japan
Hachinohe,Japan
Hachioji,Japan
Hadano,Japan
Hakodate,Japan
Hamamatsu,Japan
Handa,Japan
Higashihiroshima,Japan
Higashikurume,Japan
Higashimurayama,Japan
Higashiosaka,Japan
Hikone,Japan
Himeji,Japan
Hino,Japan
Hirakata,Japan
Hiratsuka,Japan
Hirosaki,Japan
Hiroshima,Japan
Hitachi,Japan
Hitachinaka,Japan
Hofu,Japan
Ibaraki,Japan
Ichihara,Japan
Ichikawa,Japan
Ichinomiya,Japan
Iida,Japan
Ikeda,Japan
Ikoma,Japan
Imabari,Japan
Inazawa,Japan
Iruma,Japan
Isehara,Japan
Isesaki,Japan
Ishinomaki,Japan
Itami,Japan
Iwaki,Japan
Iwakuni,Japan
Iwatsuki,Japan
Izumi (Osaka),Japan
Joetsu,Japan
Kadoma,Japan
Kagoshima,Japan
Kakamigahara,Japan
Kakogawa,Japan
Kamagaya,Japan
Kamakura,Japan
Kanazawa,Japan
Kariya,Japan
Kashihara,Japan
Kashiwa,Japan
Kasuga,Japan
Kasugai,Japan
Kasukabe,Japan
Kawachinagano,Japan
Kawagoe,Japan
Kawaguchi,Japan
Kawanishi,Japan
Kawasaki,Japan
Kiryu,Japan
Kisarazu,Japan
Kishiwada,Japan
Kitakyushu,Japan
Kitami,Japan
Kobe,Japan
Kochi,Japan
Kodaira,Japan
Kofu,Japan
Koganei,Japan
Kokubunji,Japan
Komaki,Japan
Komatsu,Japan
Koriyama,Japan
Koshigaya,Japan
Kumagaya,Japan
Kumamoto,Japan
Kurashiki,Japan
Kure,Japan
Kurume,Japan
Kusatsu,Japan
Kushiro,Japan
Kuwana,Japan
Kyoto,Japan
Machida,Japan
Maebashi,Japan
Matsubara,Japan
Matsudo,Japan
Matsue,Japan
Matsumoto,Japan
Matsusaka,Japan
Matsuyama,Japan
Minoh,Japan
Misato,Japan
Mishima,Japan
Mitaka,Japan
Mito,Japan
Miyakonojo,Japan
Miyazaki,Japan
Moriguchi,Japan
Morioka,Japan
Muroran,Japan
Musashino,Japan
Nagano,Japan
Nagaoka,Japan
Nagareyama,Japan
Nagasaki,Japan
Nagoya,Japan
Naha,Japan
Nara,Japan
Narashino,Japan
Neyagawa,Japan
Niigata,Japan
Niihama,Japan
Niiza,Japan
Nishinomiya,Japan
Nishio,Japan
Nishitokyo,Japan
Nobeoka,Japan
Noda,Japan
Numazu,Japan
Obihiro,Japan
Odawara,Japan
Ogaki,Japan
Oita,Japan
Okayama,Japan
Okazaki,Japan
Okinawa,Japan
Omuta,Japan
Osaka,Japan
Ota,Japan
Otaru,Japan
Otsu,Japan
Oume,Japan
Oyama,Japan
Saga,Japan
Sagamihara,Japan
Saitama,Japan
Sakai,Japan
Sakata,Japan
Sakura,Japan
Sanda,Japan
Sapporo,Japan
Sasebo,Japan
Sayama,Japan
Sendai,Japan
Seto,Japan
Shimizu,Japan
Shimonoseki,Japan
Shizuoka,Japan
Soka,Japan
Suita,Japan
Suzuka,Japan
Tachikawa,Japan
Tajimi,Japan
Takamatsu,Japan
Takaoka,Japan
Takarazuka,Japan
Takasaki,Japan
Takatsuki,Japan
Tama,Japan
Toda,Japan
Tokai,Japan
Tokorozawa,Japan
Tokushima,Japan
Tokuyama,Japan
Tokio,Japan
Tomakomai,Japan
Tondabayashi,Japan
Tottori,Japan
Toyama,Japan
Toyohashi,Japan
Toyokawa,Japan
Toyonaka,Japan
Toyota,Japan
Tsu,Japan
Tsuchiura,Japan
Tsukuba,Japan
Ube,Japan
Ueda,Japan
Uji,Japan
Urasoe,Japan
Urayasu,Japan
Utsunomiya,Japan
Wakayama,Japan
Yachiyo,Japan
Yaizu,Japan
Yamagata,Japan
Yamaguchi,Japan
Yamato,Japan
Yao,Japan
Yatsushiro,Japan
Yokkaichi,Japan
Yokohama,Japan
Yokosuka,Japan
Yonago,Japan
Zama,Japan
Aden,Jemen
Al-Hudaydah,Jemen
Hodeidah,Jemen
Al-Mukalla,Jemen
Ibb,Jemen
Sanaa,Jemen
Ta'izz,Jemen
Saint Helier,Jersey
Amman,Jordanië
Irbid,Jordanië
Russiefa,Jordanië
Zarqa,Jordanië
George Town,Kaaimaneilanden
Praia,Kaapverdië
Bafoussam,Kameroen
Bamenda,Kameroen
Bertoua,Kameroen
Douala,Kameroen
Edéa,Kameroen
Garoua,Kameroen
Kousséri,Kameroen
Kumba,Kameroen
Loum,Kameroen
Maroua,Kameroen
Ngaoundéré,Kameroen
Nkongsamba,Kameroen
Yaoundé,Kameroen
Almaty,Kazachstan
Aqtau,Kazachstan
Aqtöbe,Kazachstan
Atiraw,Kazachstan
Karaganda,Kazachstan
Köksetaw,Kazachstan
Noersoeltan,Kazachstan
Pavlodar,Kazachstan
Petropavl,Kazachstan
Qostanay,Kazachstan
Qizilorda,Kazachstan
Simkent,Kazachstan
Taldiqorgan,Kazachstan
Taraz,Kazachstan
Oral,Kazachstan
Öskemen,Kazachstan
Eldoret,Kenia
Kisumu,Kenia
Machakos,Kenia
Meru,Kenia
Mombasa,Kenia
Nairobi,Kenia
Nakuru,Kenia
Bisjkek,Kirgizië
Osj,Kirgizië
Tarawa,Kiribati
Jaleeb Al-Shuykh,Koeweit
Koeweit,Koeweit
Salmiya,Koeweit
Pristina,Kosovo
Osijek,Kroatië
Rijeka,Kroatië
Split,Kroatië
Zagreb,Kroatië
Vientiane,Laos
Maseru,Lesotho
Daugavpils,Letland
Riga,Letland
Beiroet,Libanon
Tripoli,Libanon
Monrovia,Liberia
Al Khums,Libië
Benghazi,Libië
Misurata,Libië
Sabha,Libië
Tripoli,Libië
Zuwarah,Libië
Vaduz,Liechtenstein
Kaunas,Litouwen
Klaipeda,Litouwen
Panevezys,Litouwen
Siauliai,Litouwen
Vilnius,Litouwen
Luxemburg,Luxemburg
Bitola,Macedonië
Skopje,Macedonië
Antananarivo,Madagaskar
Antsirabe,Madagaskar
Fianarantsoa,Madagaskar
Mahajanga,Madagaskar
Toamasina,Madagaskar
Blantyre-Limbe,Malawi
Lilongwe,Malawi
Male,Maldiven
Alor Star,Maleisië
George Town,Maleisië
Ipoh,Maleisië
Johor Bahru,Maleisië
Kota Kinabalu,Maleisië
Kuala Lumpur,Maleisië
Kuching,Maleisië
Klang,Maleisië
Kota Bharu,Maleisië
Kuala Terengganu,Maleisië
Kuantan,Maleisië
Petaling Jaya,Maleisië
Sandakan,Maleisië
Seleyang Baru,Maleisië
Seremban,Maleisië
Shah Alam,Maleisië
Sibu,Maleisië
Sungai Petani,Maleisië
Taiping,Maleisië
Bamako,Mali
Valletta,Malta
Douglas,Man
Agadir,Marokko
Béni-Mellal,Marokko
Casablanca,Marokko
Dar-el-Beida,Marokko
El-Jadida,Marokko
Fez,Marokko
Khouribga,Marokko
Ksar-el-Kebir,Marokko
Kénitra,Marokko
Marrakech,Marokko
Meknès,Marokko
Mohammedia,Marokko
Nador,Marokko
Oujda,Marokko
Rabat,Marokko
Safi,Marokko
Tanger,Marokko
Tétouan,Marokko
Majuro,Marshalleilanden
Fort-de-France,Martinique
Nouakchott,Mauritanië
Beau Bassin-Rose Hill,Mauritius
Port Louis,Mauritius
Vacoas-Phoenix,Mauritius
Acapulco,Mexico
Aguascalientes,Mexico
Benito Juárez,Mexico
Campeche,Mexico
Cancun,Mexico
Celaya,Mexico
Chetumal,Mexico
Chihuahua,Mexico
Chilpancingo,Mexico
Ciudad Acuña,Mexico
Ciudad del Carmen,Mexico
Ciudad Juárez,Mexico
Ciudad Obregón,Mexico
Ciudad Victoria,Mexico
Coatzacoalcos,Mexico
Colimas,Mexico
Cuatlas,Mexico
Cuernavaca,Mexico
Culiacán Rosales,Mexico
Córdoba,Mexico
Durango,Mexico
Ecatepec,Mexico
Ensenada,Mexico
Guadalajara,Mexico
Guaymas,Mexico
Hermosillo,Mexico
Iguala,Mexico
Irapuato,Mexico
La Paz,Mexico
León,Mexico
Los Mochis,Mexico
Matamoros,Mexico
Mazatlán,Mexico
Mexicali,Mexico
Mexico-Stad,Mexico
Monclova,Mexico
Monterrey,Mexico
Morelia,Mexico
Mérida,Mexico
Nogales,Mexico
Nuevo Laredo,Mexico
Oaxaca de Juárez,Mexico
Orizaba,Mexico
Pachuca,Mexico
Poza Rica de Hidalgo,Mexico
Puebla de Zaragoza,Mexico
Puerto Vallarta,Mexico
Querétaro,Mexico
Reynosa,Mexico
Salamanca,Mexico
Saltillo,Mexico
San Cristobal de las Casas,Mexico
San Luis Potosí,Mexico
San Luis Rio Colorado,Mexico
Tampico,Mexico
Tapachula,Mexico
Tehuacán,Mexico
Tepic,Mexico
Tijuana,Mexico
Tlalpan,Mexico
Toluca,Mexico
Torreón,Mexico
Tuxtla Gutiérrez,Mexico
Uruapan,Mexico
Veracruz,Mexico
Villahermosa,Mexico
Xalapa-Enriquez,Mexico
Zacatecas,Mexico
Zamora de Hidalgo,Mexico
Palikir,Micronesia
Chisinau,Moldavië
Balti,Moldavië
Tiraspol,Moldavië
Monaco,Monaco
Ulaanbaatar,Mongolië
Podgorica,Montenegro
Plymouth,Montserrat
Beira,Mozambique
Chimoio,Mozambique
Maputo,Mozambique
Matola,Mozambique
Mocuba,Mozambique
Nacala,Mozambique
Nampula,Mozambique
Quelimane,Mozambique
Tete,Mozambique
Bago,Myanmar
Pathein,Myanmar
Mandalay,Myanmar
Monywa,Myanmar
Mawlamyine,Myanmar
Sittwe,Myanmar
Taunggyi,Myanmar
Yangon,Myanmar
Windhoek,Namibië
Yaren,Nauru
Amsterdam,Nederland
Almere,Nederland
Amersfoort,Nederland
Apeldoorn,Nederland
Arnhem,Nederland
Breda,Nederland
Den Haag,Nederland
Dordrecht,Nederland
Ede,Nederland
Eindhoven,Nederland
Emmen,Nederland
Enschede,Nederland
Groningen,Nederland
Haarlem,Nederland
Haarlemmermeer,Nederland
Leiden,Nederland
Maastricht,Nederland
Nijmegen,Nederland
Rotterdam,Nederland
Tilburg,Nederland
Utrecht,Nederland
Zaanstad,Nederland
Zoetermeer,Nederland
Zwolle,Nederland
's-Hertogenbosch,Nederland
Biratnagar,Nepal
Birgunj,Nepal
Kathmandu,Nepal
Lalitpur,Nepal
Pokhara,Nepal
Noumea,Nieuw-Caledonië
Chinandega,Nicaragua
Granada,Nicaragua
Leon,Nicaragua
Managua,Nicaragua
Masaya,Nicaragua
Auckland,Nieuw-Zeeland
North Shore,Nieuw-Zeeland
Waitakere,Nieuw-Zeeland
Manukau,Nieuw-Zeeland
Christchurch,Nieuw-Zeeland
Dunedin,Nieuw-Zeeland
Hamilton,Nieuw-Zeeland
Napier-Hastings,Nieuw-Zeeland
Tauranga,Nieuw-Zeeland
Wellington,Nieuw-Zeeland
Lower Hutt,Nieuw-Zeeland
Maradi,Niger
Niamey,Niger
Zinder,Niger
Abuja,Nigeria
Aba,Nigeria
Abeokuta,Nigeria
Ado-Ekiti,Nigeria
Akure,Nigeria
Awka,Nigeria
Bauchi,Nigeria
Benin City,Nigeria
Bida,Nigeria
Calabar,Nigeria
Damaturu,Nigeria
Ede,Nigeria
Effon-Alaiye,Nigeria
Enugu,Nigeria
Gboko,Nigeria
Gombe,Nigeria
Gusau,Nigeria
Ibadan,Nigeria
Ife,Nigeria
Ijebu-Ode,Nigeria
Ikare,Nigeria
Ikire,Nigeria
Ikorodu,Nigeria
Ikot Ekpene,Nigeria
Ilawe-Ekiti,Nigeria
Ilesha,Nigeria
Ilorin,Nigeria
Ise,Nigeria
Iseyin,Nigeria
Iwo,Nigeria
Jimeta,Nigeria
Jos,Nigeria
Kaduna,Nigeria
Kano,Nigeria
Katsina,Nigeria
Lagos,Nigeria
Maiduguri,Nigeria
Makurdi,Nigeria
Minna,Nigeria
Mubi,Nigeria
Nnewi,Nigeria
Ogbomosho,Nigeria
Okene,Nigeria
Okpogho,Nigeria
Ondo,Nigeria
Onitsha,Nigeria
Oshogbo,Nigeria
Owerri,Nigeria
Owo,Nigeria
Oyo,Nigeria
Port Harcourt,Nigeria
Sagamu,Nigeria
Sango Otta,Nigeria
Sapele,Nigeria
Sokoto,Nigeria
Suleja,Nigeria
Ugep,Nigeria
Umuahia,Nigeria
Warri,Nigeria
Zaria,Nigeria
Alofi,Niue
Kingston,Norfolk
Garapan,Noordelijke Marianen
Chongjin,Noord-Korea
Haeju,Noord-Korea
Hamhung,Noord-Korea
Hyesan,Noord-Korea
Kaesong,Noord-Korea
Kanggye,Noord-Korea
Nampo,Noord-Korea
Pyongyang,Noord-Korea
Phyongsong,Noord-Korea
Sariwon,Noord-Korea
Sinuiji,Noord-Korea
Wonsan,Noord-Korea
Bergen,Noorwegen
Oslo,Noorwegen
Stavanger,Noorwegen
Trondheim,Noorwegen
Gulu,Oeganda
Kampala,Oeganda
Altsjevsk,Oekraïne
Berdjansk,Oekraïne
Bila Tserkva,Oekraïne
Charkov,Oekraïne
Cherson,Oekraïne
Chmelnytsky,Oekraïne
Dnipro,Oekraïne
Donetsk,Oekraïne
Horlivka,Oekraïne
Ivano-Frankivsk,Oekraïne
Jenakijeve,Oekraïne
Jevpatorija,Oekraïne
Kamjanske,Oekraïne
Kertsj,Oekraïne
Kiev,Oekraïne
Kramatorsk,Oekraïne
Krementsjoek,Oekraïne
Kropyvnytsky,Oekraïne
Kryvy Rih,Oekraïne
Loehansk,Oekraïne
Loetsk,Oekraïne
Lviv,Oekraïne
Lysytsjansk,Oekraïne
Makijivka,Oekraïne
Marioepol,Oekraïne
Melitopol,Oekraïne
Mykolajiv,Oekraïne
Nikopol,Oekraïne
Odessa,Oekraïne
Oezjhorod,Oekraïne
Pavlohrad,Oekraïne
Poltava,Oekraïne
Rivne,Oekraïne
Sebastopol,Oekraïne
Simferopol,Oekraïne
Sjevjerodonetsk,Oekraïne
Slovjansk,Oekraïne
Soemy,Oekraïne
Ternopil,Oekraïne
Tsjerkasy,Oekraïne
Tsjernihiv,Oekraïne
Tsjernivtsi,Oekraïne
Vinnytsja,Oekraïne
Zaporizja,Oekraïne
Zjytomyr,Oekraïne
Andizan,Oezbekistan
Angren,Oezbekistan
Buchara,Oezbekistan
Chirchiq,Oezbekistan
Fergana,Oezbekistan
Jizzax,Oezbekistan
Kokand,Oezbekistan
Margilan,Oezbekistan
Namangan,Oezbekistan
Navoiy,Oezbekistan
Nukus,Oezbekistan
Oergentsj,Oezbekistan
Olmaliq,Oezbekistan
Qarshi,Oezbekistan
Samarkand,Oezbekistan
Tasjkent,Oezbekistan
Termiz,Oezbekistan
Muscat,Oman
Salalah,Oman
Graz,Oostenrijk
Innsbruck,Oostenrijk
Klagenfurt,Oostenrijk
Linz,Oostenrijk
Salzburg,Oostenrijk
Wenen,Oostenrijk
Dili,Oost-Timor
Abbotabad,Pakistan
Bahawalnagar,Pakistan
Bahawalpur,Pakistan
Burewala,Pakistan
Chiniot,Pakistan
Chishtian,Pakistan
Dadu,Pakistan
Daska,Pakistan
Dera Ghazi Khan,Pakistan
Faisalabad,Pakistan
Gojra,Pakistan
Gujranwala,Pakistan
Gujrat,Pakistan
Hafizabad,Pakistan
Hyderabad,Pakistan
Islamabad,Pakistan
Jacobabad,Pakistan
Jaranwala,Pakistan
Jhang,Pakistan
Jhelum,Pakistan
Kamoke,Pakistan
Karachi,Pakistan
Kasur,Pakistan
Khairpur,Pakistan
Khanewal,Pakistan
Khanpur,Pakistan
Kohat,Pakistan
Lahore,Pakistan
Larkana,Pakistan
Mangora,Pakistan
Mardan,Pakistan
Mirpur Khas,Pakistan
Multan,Pakistan
Muridke,Pakistan
Muzaffargharh,Pakistan
Nawabshah,Pakistan
Okara,Pakistan
Pakpattan,Pakistan
Peshawar,Pakistan
Quetta,Pakistan
Rahimyar Khan,Pakistan
Rawalpindi,Pakistan
Sadiqabad,Pakistan
Sahiwal,Pakistan
Sargodha,Pakistan
Shakkarpur,Pakistan
Sheikhu Pura,Pakistan
Sialkote,Pakistan
Sukkur,Pakistan
Tandoadam,Pakistan
Wah Cantonment,Pakistan
Koror,Palau
Gaza,Palestina
Hebron,Palestina
Khan Younis,Palestina
Nablus,Palestina
Panama,Panama
San Miguelito,Panama
Port Moresby,Papoea-Nieuw-Guinea
Asuncion,Paraguay
Capiatá,Paraguay
Ciudad del Este,Paraguay
Fernando de la Mora,Paraguay
Lambaré,Paraguay
Luque,Paraguay
San Lorenzo,Paraguay
Arequipa,Peru
Ayacucho,Peru
Cajamarca,Peru
Callao,Peru
Chiclayo,Peru
Chimbote,Peru
Cuzco,Peru
Huancayo,Peru
Huánuco,Peru
Ica,Peru
Iquitos,Peru
Juliaca,Peru
Lima,Peru
Piura,Peru
Pucallpa,Peru
Sullana,Peru
Tacna,Peru
Trujillo,Peru
Bialystok,Polen
Bielsko-Biala,Polen
Bydgoszcz,Polen
Bytom,Polen
Chorzów,Polen
Czestochowa,Polen
Dabrowa Górnicza,Polen
Elblag,Polen
Gdansk,Polen
Gdynia,Polen
Gliwice,Polen
Gorzów Wielkopolski,Polen
Grudziadz,Polen
Kalisz,Polen
Katowice,Polen
Kielce,Polen
Koszalin,Polen
Krakau,Polen
Legnica,Polen
Lublin,Polen
Lódz,Polen
Olsztyn,Polen
Opole,Polen
Plock,Polen
Poznan,Polen
Radom,Polen
Ruda Slaska,Polen
Rybnik,Polen
Rzeszów,Polen
Sosnowiec,Polen
Szczecin,Polen
Tarnów,Polen
Torun,Polen
Tychy,Polen
Warschau,Polen
Walbrzych,Polen
Wloclawek,Polen
Wroclaw,Polen
Zabrze,Polen
Zielona Góra,Polen
Lissabon,Portugal
Porto,Portugal
Arecibo,Puerto Rico
Bayamón,Puerto Rico
Caguas,Puerto Rico
Carolina,Puerto Rico
Guaynabo,Puerto Rico
Ponce,Puerto Rico
San Juan,Puerto Rico
Al-Rayyan,Qatar
Doha,Qatar
Arad,Roemenië
Boekarest,Roemenië
Bacau,Roemenië
Baia Mare,Roemenië
Botosani,Roemenië
Braila,Roemenië
Brasov,Roemenië
Buzau,Roemenië
Cluj-Napoca,Roemenië
Constanta,Roemenië
Craiova,Roemenië
Drobeta Turnu-Severin,Roemenië
Focsani,Roemenië
Galati,Roemenië
Iasi,Roemenië
Oradea,Roemenië
Piatra Neamt,Roemenië
Pitesti,Roemenië
Ploiesti,Roemenië
Ramnicu Valcea,Roemenië
Satu Mare,Roemenië
Sibiu,Roemenië
Suceava,Roemenië
Timisoara,Roemenië
Targu-Mures,Roemenië
Abakan,Rusland
Almetjevsk,Rusland
Angarsk,Rusland
Archangelsk,Rusland
Armavir,Rusland
Arzamas,Rusland
Astrachan,Rusland
Atsjinsk,Rusland
Balakovo,Rusland
Balasjicha,Rusland
Barnaoel,Rusland
Belgorod,Rusland
Berezniki,Rusland
Biejsk,Rusland
Blagovesjtsjensk,Rusland
Bratsk,Rusland
Brjansk,Rusland
Chabarovsk,Rusland
Chimki,Rusland
Dimitrovgrad,Rusland
Dzerzjinsk,Rusland
Elektrostal,Rusland
Elista,Rusland
Engels,Rusland
Glazov,Rusland
Irkoetsk,Rusland
Ivanovo,Rusland
Izjevsk,Rusland
Jakoetsk,Rusland
Jaroslavl,Rusland
Jekaterinenburg,Rusland
Jelets,Rusland
Joezjno-Sachalinsk,Rusland
Josjkar-Ola,Rusland
Kaliningrad,Rusland
Kaloega,Rusland
Kamensk-Oeralski,Rusland
Kamysjin,Rusland
Kansk,Rusland
Kazan,Rusland
Kemerovo,Rusland
Kirov,Rusland
Kiseljovsk,Rusland
Kislovodsk,Rusland
Koergan,Rusland
Koersk,Rusland
Kolomna,Rusland
Komsomolsk aan de Amoer,Rusland
Koroljov,Rusland
Kostroma,Rusland
Kovrov,Rusland
Krasnodar,Rusland
Krasnojarsk,Rusland
Leninsk-Koeznetski,Rusland
Lipetsk,Rusland
Ljoebertsy,Rusland
Machatsjkala,Rusland
Magadan,Rusland
Magnitogorsk,Rusland
Majkop,Rusland
Mezjdoeretsjensk,Rusland
Miass,Rusland
Mitsjoerinsk,Rusland
Moermansk,Rusland
Moerom,Rusland
Moskou,Rusland
Mytisjtsji,Rusland
Naberezjnye Tsjelny,Rusland
Nachodka,Rusland
Naltsjik,Rusland
Neftekamsk,Rusland
Nevinnomyssk,Rusland
Nizjnekamsk,Rusland
Nizjnevartovsk,Rusland
Nizjni Novgorod,Rusland
Nizjni Tagill,Rusland
Noginsk,Rusland
Norilsk,Rusland
Novgorod,Rusland
Novokoejbysjevsk,Rusland
Novokoeznetsk,Rusland
Novomoskovsk,Rusland
Novorossiejsk,Rusland
Novosibirsk,Rusland
Novosjachtinsk,Rusland
Novotroitsk,Rusland
Novotsjeboksarsk,Rusland
Novotsjerkassk,Rusland
Obninsk,Rusland
Odintsovo,Rusland
Oechta,Rusland
Oefa,Rusland
Oelan-Oede,Rusland
Oeljanovsk,Rusland
Oesolje-Sibirskoje,Rusland
Oessoeriejsk,Rusland
Oest-Ilimsk,Rusland
Oktjabrski,Rusland
Omsk,Rusland
Orechovo-Zoejevo,Rusland
Orenburg,Rusland
Orjol,Rusland
Orsk,Rusland
Penza,Rusland
Perm,Rusland
Pervo-oeralsk,Rusland
Petropavlovsk-Kamtsjatski,Rusland
Petrozavodsk,Rusland
Pjatigorsk,Rusland
Podolsk,Rusland
Prokopjevsk,Rusland
Pskov,Rusland
Rjazan,Rusland
Roebtsovsk,Rusland
Rostov aan de Don,Rusland
Rybinsk,Rusland
Salavat,Rusland
Samara,Rusland
Saransk,Rusland
Sarapoel,Rusland
Saratov,Rusland
Sergiev Posad,Rusland
Serpoechov,Rusland
Severodvinsk,Rusland
Seversk,Rusland
Sint-Petersburg,Rusland
Sjachty,Rusland
Sjtsjolkovo,Rusland
Smolensk,Rusland
Soergoet,Rusland
Solikamsk,Rusland
Sotsji,Rusland
Stary Oskol,Rusland
Stavropol,Rusland
Sterlitamak,Rusland
Syktyvkar,Rusland
Syzran,Rusland
Taganrog,Rusland
Tambov,Rusland
Tjoemen,Rusland
Toela,Rusland
Toljatti,Rusland
Tomsk,Rusland
Tsjeboksary,Rusland
Tsjeljabinsk,Rusland
Tsjerepovets,Rusland
Tsjerkessk,Rusland
Tsjita,Rusland
Tver,Rusland
Velikieje Loeki,Rusland
Vladikavkaz,Rusland
Vladimir,Rusland
Vladivostok,Rusland
Volgodonsk,Rusland
Vologda,Rusland
Volzjsk,Rusland
Voronezj,Rusland
Votkinsk,Rusland
Wolgograd,Rusland
Zelenodolsk,Rusland
Zelenograd,Rusland
Zlato-oest,Rusland
Kigali,Rwanda
Saint-Denis,Réunion
Basseterre,Saint Kitts en Nevis
Castries,Saint Lucia
Saint-Pierre,Saint-Pierre en Miquelon
Kingstown,Saint Vincent en de Grenadines
Honiara,Salomonseilanden
Apia,Samoa
San Marino,San Marino
Sao Tome,Sao Tomé en Principe
Abha,Saoedi-Arabië
Ad-Dammam,Saoedi-Arabië
Al-Hufuf,Saoedi-Arabië
Al-Kharj,Saoedi-Arabië
Al-Khubar,Saoedi-Arabië
Al-Madinah,Saoedi-Arabië
Al-Mubarraz,Saoedi-Arabië
Ar'ar,Saoedi-Arabië
At-Ta'if,Saoedi-Arabië
Ath-Thuqbah,Saoedi-Arabië
Buraydah,Saoedi-Arabië
Ha'il,Saoedi-Arabië
Hafar al-Batin,Saoedi-Arabië
Djedda,Saoedi-Arabië
Khamis Mushayt,Saoedi-Arabië
Mekka,Saoedi-Arabië
Riyad,Saoedi-Arabië
Tabuk,Saoedi-Arabië
Dakar,Senegal
Kaolack,Senegal
Mbour,Senegal
Pikine-Guediawaye,Senegal
Saint Louis,Senegal
Thiès,Senegal
Ziguinchor,Senegal
Belgrado,Servië
Kragujevac,Servië
Nis,Servië
Novi Sad,Servië
Victoria,Seychellen
Freetown,Sierra Leone
Singapore,Singapore
Jamestown,Sint-Helena
Ljubljana,Slovenië
Maribor,Slovenië
Bratislava,Slowakije
Kosice,Slowakije
Al-Fasher,Soedan
Al-Gadarif,Soedan
Al-Gezira,Soedan
Al-Obeid,Soedan
Khartoem,Soedan
Kassala,Soedan
Khartoem-Noord,Soedan
Kosti,Soedan
Nyala,Soedan
Omdurman,Soedan
Port Sudan,Soedan
Mogadishu,Somalië
A Coruña,Spanje
Albacete,Spanje
Alcalá de Henares,Spanje
Alcorcón,Spanje
Algeciras,Spanje
Alicante,Spanje
Almería,Spanje
Badajoz,Spanje
Badalona,Spanje
Barcelona,Spanje
Bilbao,Spanje
Burgos,Spanje
Cartagena,Spanje
Castellón de la Plana,Spanje
Cádiz,Spanje
Córdoba,Spanje
Donostia-San Sebastián,Spanje
Elche,Spanje
Fuenlabrada,Spanje
Getafe,Spanje
Gijón,Spanje
Granada,Spanje
Huelva,Spanje
Jaén,Spanje
Jerez de la Frontera,Spanje
Las Palmas de Gran Canaria,Spanje
Leganés,Spanje
León,Spanje
Lerida,Spanje
L'Hospitalet de Llobregat,Spanje
Logroño,Spanje
Madrid,Spanje
Marbella,Spanje
Mataró,Spanje
Murcia,Spanje
Málaga,Spanje
Móstoles,Spanje
Ourense,Spanje
Oviedo,Spanje
Palma de Mallorca,Spanje
Pamplona,Spanje
Sabadell,Spanje
Salamanca,Spanje
San Cristóbal de La Laguna,Spanje
Santa Coloma de Gramenet,Spanje
Santa Cruz de Tenerife,Spanje
Santander,Spanje
Sevilla,Spanje
Tarragona,Spanje
Terrassa,Spanje
Valencia,Spanje
Valladolid,Spanje
Vigo,Spanje
Vitoria-Gasteiz,Spanje
Zaragoza,Spanje
Colombo,Sri Lanka
Dehiwala-Mount Lavinia,Sri Lanka
Jaffna,Sri Lanka
Kandy,Sri Lanka
Moratuwa,Sri Lanka
Paramaribo,Suriname
Mbabane,Swaziland
Al-Hasakah,Syrië
Al-Kamishli,Syrië
Al-Rakka,Syrië
Aleppo,Syrië
Damascus,Syrië
Deir ez-Zor,Syrië
Hama,Syrië
Homs,Syrië
Latakia,Syrië
Changhua,Taiwan
Chiayi,Taiwan
Chungho,Taiwan
Chungli,Taiwan
Chupei,Taiwan
Fangliao,Taiwan
Fengshan,Taiwan
Fengyuan,Taiwan
Hsichi,Taiwan
Hsinchu,Taiwan
Hsinchuang,Taiwan
Hsinli,Taiwan
Hsintien,Taiwan
Hualian,Taiwan
Kaohsiung,Taiwan
Keelung,Taiwan
Kueishan,Taiwan
Luchou,Taiwan
Longtan,Taiwan
Nantou,Taiwan
Panchiao,Taiwan
Pateh,Taiwan
Pingcheng,Taiwan
Pingtung,Taiwan
Sanchung,Taiwan
Shulin,Taiwan
Taichung,Taiwan
Tainan,Taiwan
Taipei,Taiwan
Taiping,Taiwan
Taitung,Taiwan
Tali,Taiwan
Taliao,Taiwan
Tamshui,Taiwan
Taoyuan,Taiwan
Touliu,Taiwan
Tsaotun,Taiwan
Tucheng,Taiwan
Yangmei,Taiwan
Yungho,Taiwan
Yungkang,Taiwan
Yunlin,Taiwan
Doesjanbe,Tadzjikistan
Arusha,Tanzania
Dodoma,Tanzania
Dar es Salaam,Tanzania
Mbeya,Tanzania
Morogoro,Tanzania
Mwanza,Tanzania
Shinyanga,Tanzania
Tanga,Tanzania
Zanzibar,Tanzania
Ayutthaya,Thailand
Bangkok,Thailand
Buriram,Thailand
Chachoengsao,Thailand
Chaiyaphum,Thailand
Chanthaburi,Thailand
Chiang Mai,Thailand
Chiang Rai,Thailand
Chonburi,Thailand
Hua Hin,Thailand
Kalasin,Thailand
Kanchanaburi,Thailand
Khon Kaen,Thailand
Lampang,Thailand
Lamphun,Thailand
Loei,Thailand
Lopburi,Thailand
Maha Sarakham,Thailand
Nakhon Pathom,Thailand
Nakhon Ratchasima,Thailand
Nakhon Sawan,Thailand
Nakhon Si Thammarat,Thailand
Narathiwat,Thailand
Nong Bua Lamphu,Thailand
Nong Khai,Thailand
Nonthaburi,Thailand
Pathum Thani,Thailand
Pattani,Thailand
Pattaya,Thailand
Phayao,Thailand
Phetchabun,Thailand
Phetchaburi,Thailand
Phichit,Thailand
Phitsanulok,Thailand
Phrae,Thailand
Prachuap Khiri Khan,Thailand
Ratchaburi,Thailand
Rayong,Thailand
Roi Et,Thailand
Sakon Nakhon,Thailand
Samut Prakan,Thailand
Samut Sakhon,Thailand
Saraburi,Thailand
Si Saket,Thailand
Songkhla,Thailand
Sukhothai,Thailand
Suphanburi,Thailand
Surat Thani,Thailand
Surin,Thailand
Trang,Thailand
Ubon Ratchathani,Thailand
Udon Thani,Thailand
Yala,Thailand
Lomé,Togo
Nuku'alofa,Tonga
Port of Spain,Trinidad en Tobago
N'Djamena,Tsjaad
Brno,Tsjechië
Olomouc,Tsjechië
Ostrava,Tsjechië
Praag,Tsjechië
Pilsen,Tsjechië
Bizerte,Tunesië
Gabes,Tunesië
Kairouan,Tunesië
Sfax,Tunesië
Tunis,Tunesië
Ankara,Turkije
Adana,Turkije
Adiyaman,Turkije
Afyon,Turkije
Aksaray,Turkije
Antalya,Turkije
Aydin,Turkije
Balikesir,Turkije
Bandirma,Turkije
Bursa,Turkije
Ceyhan,Turkije
Corlu,Turkije
Diyarbakir,Turkije
Erzincan,Turkije
Erzurum,Turkije
Eskisehir,Turkije
Gaziantep,Turkije
Gebze,Turkije
Hatay,Turkije
Inegol,Turkije
Iskenderun,Turkije
Isparta,Turkije
Istanboel,Turkije
Izmir,Turkije
Kahramanmaras,Turkije
Karaman,Turkije
Kayseri,Turkije
Kirikkale,Turkije
Kiziltepe,Turkije
Kocaeli,Turkije
Konya,Turkije
Kutahya,Turkije
Malatya,Turkije
Manisa,Turkije
Mersin,Turkije
Nazilli,Turkije
Ordu,Turkije
Osmaniye,Turkije
Sakarya,Turkije
Samsun,Turkije
Sanliurfa,Turkije
Siirt,Turkije
Sivas,Turkije
Siverek,Turkije
Tarsus,Turkije
Tekirdag,Turkije
Tokat,Turkije
Trabzon,Turkije
Turhal,Turkije
Usak,Turkije
Van,Turkije
Viransehir,Turkije
Zonguldak,Turkije
Asjchabad,Turkmenistan
Türkmenabat,Turkmenistan
Tasjaoez,Turkmenistan
Grand Turk,Turks- en Caicoseilanden
Funafuti,Tuvalu
Montevideo,Uruguay
Port Vila,Vanuatu
Vaticaanstad,Vaticaanstad
Acarigua-Araure,Venezuela
Barcelona,Venezuela
Barcelona-Puerto La Cruz,Venezuela
Barinas,Venezuela
Barquisimeto,Venezuela
Caracas,Venezuela
Cabimas,Venezuela
Carúpano,Venezuela
Catia la Mar,Venezuela
Ciudad Bolívar,Venezuela
Ciudad Guayana,Venezuela
Coro,Venezuela
Cumaná,Venezuela
Guarenas,Venezuela
Los Teques,Venezuela
Maracaibo,Venezuela
Maracay,Venezuela
Maturín,Venezuela
Mérida,Venezuela
Puerto Cabello,Venezuela
Punto Fijo,Venezuela
San Cristobal,Venezuela
San Fernando de Apure,Venezuela
Turmero,Venezuela
Valencia,Venezuela
Valera,Venezuela
Aberdeen,Verenigd Koninkrijk
Aylesbury,Verenigd Koninkrijk
Barnsley,Verenigd Koninkrijk
Basildon,Verenigd Koninkrijk
Basingstoke,Verenigd Koninkrijk
Bath,Verenigd Koninkrijk
Bedford,Verenigd Koninkrijk
Belfast,Verenigd Koninkrijk
Bexley,Verenigd Koninkrijk
Birmingham,Verenigd Koninkrijk
Blackburn,Verenigd Koninkrijk
Blackpool,Verenigd Koninkrijk
Bolton,Verenigd Koninkrijk
Bournemouth,Verenigd Koninkrijk
Bradford,Verenigd Koninkrijk
Braintree,Verenigd Koninkrijk
Bridgend,Verenigd Koninkrijk
Brighton,Verenigd Koninkrijk
Bristol,Verenigd Koninkrijk
Bury,Verenigd Koninkrijk
Caerphilly,Verenigd Koninkrijk
Cambridge,Verenigd Koninkrijk
Canterbury,Verenigd Koninkrijk
Cardiff,Verenigd Koninkrijk
Carlisle,Verenigd Koninkrijk
Chelmsford,Verenigd Koninkrijk
Cheltenham,Verenigd Koninkrijk
Chester,Verenigd Koninkrijk
Chesterfield,Verenigd Koninkrijk
Chichester,Verenigd Koninkrijk
Colchester,Verenigd Koninkrijk
Coventry,Verenigd Koninkrijk
Crewe,Verenigd Koninkrijk
Darlington,Verenigd Koninkrijk
Derby,Verenigd Koninkrijk
Derry,Verenigd Koninkrijk
Doncaster,Verenigd Koninkrijk
Dover,Verenigd Koninkrijk
Dudley,Verenigd Koninkrijk
Dundee,Verenigd Koninkrijk
Eastleigh,Verenigd Koninkrijk
Edinburgh,Verenigd Koninkrijk
Exeter,Verenigd Koninkrijk
Falkirk,Verenigd Koninkrijk
Fareham,Verenigd Koninkrijk
Gateshead,Verenigd Koninkrijk
Glasgow,Verenigd Koninkrijk
Gloucester,Verenigd Koninkrijk
Guildford,Verenigd Koninkrijk
Harrogate,Verenigd Koninkrijk
Horsham,Verenigd Koninkrijk
Ipswich,Verenigd Koninkrijk
Kings Lynn,Verenigd Koninkrijk
Kingston upon Hull,Verenigd Koninkrijk
Knowsley,Verenigd Koninkrijk
Lancaster,Verenigd Koninkrijk
Leeds,Verenigd Koninkrijk
Leicester,Verenigd Koninkrijk
Lisburn,Verenigd Koninkrijk
Liverpool,Verenigd Koninkrijk
Londen,Verenigd Koninkrijk
Luton,Verenigd Koninkrijk
Macclesfield,Verenigd Koninkrijk
Maidstone,Verenigd Koninkrijk
Manchester,Verenigd Koninkrijk
Mansfield,Verenigd Koninkrijk
Middlesborough,Verenigd Koninkrijk
Milton Keynes,Verenigd Koninkrijk
Neath,Verenigd Koninkrijk
Newark,Verenigd Koninkrijk
Newbury,Verenigd Koninkrijk
Newcastle-under-Lyme,Verenigd Koninkrijk
Newcastle upon Tyne,Verenigd Koninkrijk
Newport,Verenigd Koninkrijk
Northampton,Verenigd Koninkrijk
Norwich,Verenigd Koninkrijk
Nottingham,Verenigd Koninkrijk
Nuneaton,Verenigd Koninkrijk
Oldham,Verenigd Koninkrijk
Oxford,Verenigd Koninkrijk
Peterborough,Verenigd Koninkrijk
Plymouth,Verenigd Koninkrijk
Poole,Verenigd Koninkrijk
Portsmouth,Verenigd Koninkrijk
Port Talbot,Verenigd Koninkrijk
Preston,Verenigd Koninkrijk
Reading,Verenigd Koninkrijk
Reigate,Verenigd Koninkrijk
Rochdale,Verenigd Koninkrijk
Rochester,Verenigd Koninkrijk
Rotherham,Verenigd Koninkrijk
Salford,Verenigd Koninkrijk
Salisbury,Verenigd Koninkrijk
Sandwell,Verenigd Koninkrijk
Scarborough,Verenigd Koninkrijk
Sevenoaks,Verenigd Koninkrijk
Sheffield,Verenigd Koninkrijk
Slough,Verenigd Koninkrijk
Solihull,Verenigd Koninkrijk
Southampton,Verenigd Koninkrijk
Southend-on-Sea,Verenigd Koninkrijk
Southwark,Verenigd Koninkrijk
St Albans,Verenigd Koninkrijk
St Helens,Verenigd Koninkrijk
Stafford,Verenigd Koninkrijk
Stockport,Verenigd Koninkrijk
Stockton-on-Tees,Verenigd Koninkrijk
Stoke-on-Trent,Verenigd Koninkrijk
Stratford-upon-Avon,Verenigd Koninkrijk
Stroud,Verenigd Koninkrijk
Sunderland,Verenigd Koninkrijk
Swansea,Verenigd Koninkrijk
Thurrock,Verenigd Koninkrijk
Tonbridge,Verenigd Koninkrijk
Torbay,Verenigd Koninkrijk
Trafford,Verenigd Koninkrijk
Tunbridge Wells,Verenigd Koninkrijk
Wakefield,Verenigd Koninkrijk
Walsall,Verenigd Koninkrijk
Warrington,Verenigd Koninkrijk
Warwick,Verenigd Koninkrijk
Westminster,Verenigd Koninkrijk
Wigan,Verenigd Koninkrijk
Winchester,Verenigd Koninkrijk
Wokingham,Verenigd Koninkrijk
Wolverhampton,Verenigd Koninkrijk
Wycombe,Verenigd Koninkrijk
York,Verenigd Koninkrijk
Abu Dhabi,Verenigde Arabische Emiraten
Ajman,Verenigde Arabische Emiraten
Al-Ayn,Verenigde Arabische Emiraten
Al-Sharjah,Verenigde Arabische Emiraten
Dubai,Verenigde Arabische Emiraten
Abilene,Verenigde Staten van Amerika
Akron,Verenigde Staten van Amerika
Albuquerque,Verenigde Staten van Amerika
Alexandria,Verenigde Staten van Amerika
Allentown,Verenigde Staten van Amerika
Amarillo,Verenigde Staten van Amerika
Anaheim,Verenigde Staten van Amerika
Anchorage,Verenigde Staten van Amerika
Ann Arbor,Verenigde Staten van Amerika
Arlington,Verenigde Staten van Amerika
Arlington,Verenigde Staten van Amerika
Arvada,Verenigde Staten van Amerika
Athens,Verenigde Staten van Amerika
Atlanta,Verenigde Staten van Amerika
Augusta-Richmond,Verenigde Staten van Amerika
Aurora,Verenigde Staten van Amerika
Austin,Verenigde Staten van Amerika
Bakersfield,Verenigde Staten van Amerika
Baltimore,Verenigde Staten van Amerika
Baton Rouge,Verenigde Staten van Amerika
Beaumont,Verenigde Staten van Amerika
Bellevue,Verenigde Staten van Amerika
Berkeley,Verenigde Staten van Amerika
Birmingham,Verenigde Staten van Amerika
Boise,Verenigde Staten van Amerika
Boston,Verenigde Staten van Amerika
Bridgeport,Verenigde Staten van Amerika
Broken Arrow,Verenigde Staten van Amerika
Brownsville,Verenigde Staten van Amerika
Buffalo,Verenigde Staten van Amerika
Burbank,Verenigde Staten van Amerika
Carson City,Verenigde Staten van Amerika
Cambridge,Verenigde Staten van Amerika
Cape Coral,Verenigde Staten van Amerika
Carrollton,Verenigde Staten van Amerika
Cedar Rapids,Verenigde Staten van Amerika
Chandler,Verenigde Staten van Amerika
Charlotte,Verenigde Staten van Amerika
Chattanooga,Verenigde Staten van Amerika
Chesapeake,Verenigde Staten van Amerika
Chicago,Verenigde Staten van Amerika
Chula Vista,Verenigde Staten van Amerika
Cincinnati,Verenigde Staten van Amerika
Clarksville,Verenigde Staten van Amerika
Clearwater,Verenigde Staten van Amerika
Cleveland,Verenigde Staten van Amerika
Colorado Springs,Verenigde Staten van Amerika
Columbia,Verenigde Staten van Amerika
Columbus,Verenigde Staten van Amerika
Concord,Verenigde Staten van Amerika
Coral Springs,Verenigde Staten van Amerika
Corona ,Verenigde Staten van Amerika
Corpus Christi,Verenigde Staten van Amerika
Costa Mesa,Verenigde Staten van Amerika
Dallas,Verenigde Staten van Amerika
Daly City,Verenigde Staten van Amerika
Dayton,Verenigde Staten van Amerika
Denver,Verenigde Staten van Amerika
Des Moines,Verenigde Staten van Amerika
Detroit,Verenigde Staten van Amerika
Downey,Verenigde Staten van Amerika
Durham,Verenigde Staten van Amerika
El Monte,Verenigde Staten van Amerika
El Paso,Verenigde Staten van Amerika
Elizabeth,Verenigde Staten van Amerika
Erie,Verenigde Staten van Amerika
Escondido,Verenigde Staten van Amerika
Eugene,Verenigde Staten van Amerika
Evansville,Verenigde Staten van Amerika
Fayetteville,Verenigde Staten van Amerika
Flint,Verenigde Staten van Amerika
Fontana,Verenigde Staten van Amerika
Fort Collins,Verenigde Staten van Amerika
Fort Lauderdale,Verenigde Staten van Amerika
Fort Wayne,Verenigde Staten van Amerika
Fort Worth,Verenigde Staten van Amerika
Fremont,Verenigde Staten van Amerika
Fresno,Verenigde Staten van Amerika
Fullerton,Verenigde Staten van Amerika
Garden Grove,Verenigde Staten van Amerika
Garland,Verenigde Staten van Amerika
Gary,Verenigde Staten van Amerika
Gilbert,Verenigde Staten van Amerika
Glendale,Verenigde Staten van Amerika
Glendale,Verenigde Staten van Amerika
Grand Prairie,Verenigde Staten van Amerika
Grand Rapids,Verenigde Staten van Amerika
Green Bay,Verenigde Staten van Amerika
Greensboro,Verenigde Staten van Amerika
Hampton,Verenigde Staten van Amerika
Hartford,Verenigde Staten van Amerika
Hayward,Verenigde Staten van Amerika
Henderson,Verenigde Staten van Amerika
Hialeah,Verenigde Staten van Amerika
Hollywood,Verenigde Staten van Amerika
Honolulu,Verenigde Staten van Amerika
Houston,Verenigde Staten van Amerika
Huntington Beach,Verenigde Staten van Amerika
Huntsville,Verenigde Staten van Amerika
Independence,Verenigde Staten van Amerika
Indianapolis,Verenigde Staten van Amerika
Inglewood,Verenigde Staten van Amerika
Irvine,Verenigde Staten van Amerika
Irving,Verenigde Staten van Amerika
Jackson,Verenigde Staten van Amerika
Jacksonville,Verenigde Staten van Amerika
Jersey City,Verenigde Staten van Amerika
Joliet,Verenigde Staten van Amerika
Kansas City,Verenigde Staten van Amerika
Knoxville,Verenigde Staten van Amerika
Lafayette,Verenigde Staten van Amerika
Lakewood,Verenigde Staten van Amerika
Lancaster,Verenigde Staten van Amerika
Lansing,Verenigde Staten van Amerika
Laredo,Verenigde Staten van Amerika
Las Vegas,Verenigde Staten van Amerika
Lexington-Fayette,Verenigde Staten van Amerika
Lincoln,Verenigde Staten van Amerika
Little Rock,Verenigde Staten van Amerika
Livonia,Verenigde Staten van Amerika
Long Beach,Verenigde Staten van Amerika
Los Angeles,Verenigde Staten van Amerika
Louisville,Verenigde Staten van Amerika
Lowell,Verenigde Staten van Amerika
Lubbock,Verenigde Staten van Amerika
Madison,Verenigde Staten van Amerika
Manchester,Verenigde Staten van Amerika
McAllen,Verenigde Staten van Amerika
Memphis,Verenigde Staten van Amerika
Mesa,Verenigde Staten van Amerika
Mesquite,Verenigde Staten van Amerika
Miami,Verenigde Staten van Amerika
Milwaukee,Verenigde Staten van Amerika
Minneapolis,Verenigde Staten van Amerika
Mobile,Verenigde Staten van Amerika
Modesto,Verenigde Staten van Amerika
Montgomery,Verenigde Staten van Amerika
Moreno Valley,Verenigde Staten van Amerika
Naperville,Verenigde Staten van Amerika
Nashville-Davidson,Verenigde Staten van Amerika
New Haven,Verenigde Staten van Amerika
New Orleans,Verenigde Staten van Amerika
New York City,Verenigde Staten van Amerika
Newark,Verenigde Staten van Amerika
Newport News,Verenigde Staten van Amerika
Norfolk,Verenigde Staten van Amerika
North Las Vegas,Verenigde Staten van Amerika
Norwalk,Verenigde Staten van Amerika
Oakland,Verenigde Staten van Amerika
Oceanside,Verenigde Staten van Amerika
Oklahoma City,Verenigde Staten van Amerika
Omaha,Verenigde Staten van Amerika
Ontario,Verenigde Staten van Amerika
Orange,Verenigde Staten van Amerika
Orlando,Verenigde Staten van Amerika
Overland Park,Verenigde Staten van Amerika
Oxnard,Verenigde Staten van Amerika
Palmdale,Verenigde Staten van Amerika
Pasadena,Verenigde Staten van Amerika
Paterson,Verenigde Staten van Amerika
Pembroke Pines,Verenigde Staten van Amerika
Peoria,Verenigde Staten van Amerika
Philadelphia,Verenigde Staten van Amerika
Phoenix,Verenigde Staten van Amerika
Pittsburgh,Verenigde Staten van Amerika
Plano,Verenigde Staten van Amerika
Pomona,Verenigde Staten van Amerika
Portland,Verenigde Staten van Amerika
Portsmouth,Verenigde Staten van Amerika
Providence,Verenigde Staten van Amerika
Provo,Verenigde Staten van Amerika
Pueblo,Verenigde Staten van Amerika
Raleigh,Verenigde Staten van Amerika
Rancho Cucamonga,Verenigde Staten van Amerika
Reno,Verenigde Staten van Amerika
Richmond,Verenigde Staten van Amerika
Riverside,Verenigde Staten van Amerika
Rochester,Verenigde Staten van Amerika
Rockford,Verenigde Staten van Amerika
Sacramento,Verenigde Staten van Amerika
Salem,Verenigde Staten van Amerika
Salinas,Verenigde Staten van Amerika
Salt Lake City,Verenigde Staten van Amerika
San Antonio,Verenigde Staten van Amerika
San Bernardino,Verenigde Staten van Amerika
San Diego,Verenigde Staten van Amerika
San Francisco,Verenigde Staten van Amerika
San Jose,Verenigde Staten van Amerika
Santa Ana,Verenigde Staten van Amerika
Santa Clara,Verenigde Staten van Amerika
Santa Clarita,Verenigde Staten van Amerika
Santa Rosa,Verenigde Staten van Amerika
Savannah,Verenigde Staten van Amerika
Scottsdale,Verenigde Staten van Amerika
Seattle,Verenigde Staten van Amerika
Shreveport,Verenigde Staten van Amerika
Simi Valley,Verenigde Staten van Amerika
Sioux Falls,Verenigde Staten van Amerika
South Bend,Verenigde Staten van Amerika
Spokane,Verenigde Staten van Amerika
Springfield,Verenigde Staten van Amerika
Saint Louis,Verenigde Staten van Amerika
Saint Paul,Verenigde Staten van Amerika
Saint Petersburg,Verenigde Staten van Amerika
Stamford,Verenigde Staten van Amerika
Sterling Heights,Verenigde Staten van Amerika
Stockton,Verenigde Staten van Amerika
Sunnyvale,Verenigde Staten van Amerika
Syracuse,Verenigde Staten van Amerika
Tacoma,Verenigde Staten van Amerika
Tallahassee,Verenigde Staten van Amerika
Tampa,Verenigde Staten van Amerika
Tempe,Verenigde Staten van Amerika
Thousand Oaks,Verenigde Staten van Amerika
Toledo,Verenigde Staten van Amerika
Topeka,Verenigde Staten van Amerika
Torrance,Verenigde Staten van Amerika
Tucson,Verenigde Staten van Amerika
Tulsa,Verenigde Staten van Amerika
Vallejo,Verenigde Staten van Amerika
Vancouver,Verenigde Staten van Amerika
Ventura,Verenigde Staten van Amerika
Virginia Beach,Verenigde Staten van Amerika
Washington,Verenigde Staten van Amerika
Waco,Verenigde Staten van Amerika
Warren,Verenigde Staten van Amerika
Waterbury,Verenigde Staten van Amerika
West Covina,Verenigde Staten van Amerika
West Valley City,Verenigde Staten van Amerika
Westminster,Verenigde Staten van Amerika
Wichita,Verenigde Staten van Amerika
Wichita Falls,Verenigde Staten van Amerika
Winston-Salem,Verenigde Staten van Amerika
Worcester,Verenigde Staten van Amerika
Yonkers,Verenigde Staten van Amerika
Buonmathuot,Vietnam
Campha,Vietnam
Can Tho,Vietnam
Dà Nang,Vietnam
Dalat,Vietnam
Hanoi,Vietnam
Haiphong,Vietnam
Ho Chi Minhstad,Vietnam
Hon Gai,Vietnam
Hué,Vietnam
Longxuyen,Vietnam
Mong Cai,Vietnam
Mytho,Vietnam
Namdinh,Vietnam
Nhatrang,Vietnam
Qui Nhon,Vietnam
Rach Gia,Vietnam
Thai Nguyen,Vietnam
Vinh,Vietnam
Vung Tau,Vietnam
Mata-Utu,Wallis en Futuna
El Aaiun,Westelijke Sahara
Babroejsk,Wit-Rusland
Baranavitsjy,Wit-Rusland
Borisov,Wit-Rusland
Brest,Wit-Rusland
Gomel,Wit-Rusland
Grodno,Wit-Rusland
Lida,Wit-Rusland
Minsk,Wit-Rusland
Mogilev,Wit-Rusland
Mozir,Wit-Rusland
Novopolotsk,Wit-Rusland
Orsja,Wit-Rusland
Pinsk,Wit-Rusland
Soligorsk,Wit-Rusland
Vitebsk,Wit-Rusland
Chingola,Zambia
Kabwe,Zambia
Kitwe,Zambia
Lusaka,Zambia
Luanshya,Zambia
Mufulira,Zambia
Ndola,Zambia
Bulawayo,Zimbabwe
Chitungwiza,Zimbabwe
Gweru,Zimbabwe
Harare,Zimbabwe
Mutare,Zimbabwe
Alexandra,Zuid-Afrika
Benoni,Zuid-Afrika
Bloemfontein,Zuid-Afrika
Boksburg,Zuid-Afrika
Botshabelo,Zuid-Afrika
Durban,Zuid-Afrika
Germiston,Zuid-Afrika
Johannesburg,Zuid-Afrika
Kaapstad,Zuid-Afrika
Kathlehong,Zuid-Afrika
Kempton Park,Zuid-Afrika
Khayelitsa,Zuid-Afrika
Kimberley,Zuid-Afrika
Mangaung,Zuid-Afrika
Pretoria,Zuid-Afrika
Pietermaritzburg,Zuid-Afrika
Port Elizabeth,Zuid-Afrika
Roodepoort,Zuid-Afrika
Soweto,Zuid-Afrika
Springs,Zuid-Afrika
Tembisa,Zuid-Afrika
Umlazi,Zuid-Afrika
Vereeniging,Zuid-Afrika
Andong,Zuid-Korea
Asan,Zuid-Korea
Boryeong,Zuid-Korea
Bucheon,Zuid-Korea
Busan,Zuid-Korea
Changwon,Zuid-Korea
Cheonan,Zuid-Korea
Cheongju,Zuid-Korea
Chuncheon,Zuid-Korea
Chungju,Zuid-Korea
Daegu,Zuid-Korea
Daejeon,Zuid-Korea
Gangneung,Zuid-Korea
Geoje,Zuid-Korea
Gimcheon,Zuid-Korea
Gimhae,Zuid-Korea
Gimje,Zuid-Korea
Gongju,Zuid-Korea
Goyang,Zuid-Korea
Gumi,Zuid-Korea
Gunpo,Zuid-Korea
Gunsan,Zuid-Korea
Gwangju,Zuid-Korea
Gwangmyeong,Zuid-Korea
Gwangyang,Zuid-Korea
Gyeongju,Zuid-Korea
Gyeongsan,Zuid-Korea
Icheon,Zuid-Korea
Iksan,Zuid-Korea
Incheon,Zuid-Korea
Jecheon,Zuid-Korea
Jeju,Zuid-Korea
Jeongeup,Zuid-Korea
Jeonju,Zuid-Korea
Jinhae,Zuid-Korea
Jinju,Zuid-Korea
Masan,Zuid-Korea
Miryang,Zuid-Korea
Mokpo,Zuid-Korea
Nonsan,Zuid-Korea
Pohang,Zuid-Korea
Seoul,Zuid-Korea
Sacheon,Zuid-Korea
Sangju,Zuid-Korea
Seongnam,Zuid-Korea
Seosan,Zuid-Korea
Suncheon,Zuid-Korea
Suwon,Zuid-Korea
Tongyeong,Zuid-Korea
Uijeongbu,Zuid-Korea
Ulsan,Zuid-Korea
Wonju,Zuid-Korea
Yangsan,Zuid-Korea
Yeongcheon,Zuid-Korea
Yeongju,Zuid-Korea
Yeosu,Zuid-Korea
Djoeba,Zuid-Soedan
Göteborg,Zweden
Helsingborg,Zweden
Jönköping,Zweden
Linköping,Zweden
Malmö,Zweden
Norrköping,Zweden
Orebro,Zweden
Stockholm,Zweden
Umeå,Zweden
Uppsala,Zweden
Västerås,Zweden
Bern,Zwitserland
Baden-Brugg,Zwitserland
Bazel,Zwitserland
Genève,Zwitserland
Lausanne,Zwitserland
Lugano,Zwitserland
Luzern,Zwitserland
Olten-Zofingen,Zwitserland
Sankt Gallen,Zwitserland
Winterthur,Zwitserland
Zürich,Zwitserland
